"","V1","V2","V3","V4","V5","V6"
"561",1600,5.4,0.1524,55.5,0.00433288,130.567
"321",1000,4,0.2286,55.5,0.0042862,132.134
"1177",3150,17.4,0.0254,55.5,0.0165706,124.101
"1098",200,9.5,0.0254,31.7,0.00461377,119.146
"1252",8000,0,0.1016,71.3,0.00121072,125.465
"1170",630,17.4,0.0254,55.5,0.0165706,122.411
"634",500,9.9,0.1524,71.3,0.0193001,131.279
"49",200,0,0.3048,31.7,0.00331266,117.195
"1152",500,17.4,0.0254,71.3,0.016104,119.806
"1327",3150,3.3,0.1016,39.6,0.00245138,128.401
"24",4000,0,0.3048,55.5,0.00283081,121.106
"356",2500,4,0.2286,31.7,0.00509068,120.209
"165",1600,4,0.3048,71.3,0.00497773,126.645
"622",2000,7.2,0.1524,39.6,0.00909175,120.228
"410",400,7.3,0.2286,55.5,0.0111706,135.924
"899",3150,15.4,0.0508,55.5,0.0271925,123.46
"1321",800,3.3,0.1016,39.6,0.00245138,129.991
"601",800,7.2,0.1524,71.3,0.00752039,136.023
"1307",630,3.3,0.1016,55.5,0.002211,126.599
"932",4000,15.4,0.0508,31.7,0.0289853,115.635
"997",1600,0,0.0254,31.7,0.000439472,129.267
"621",1600,7.2,0.1524,39.6,0.00909175,120.058
"1236",2000,22.2,0.0254,39.6,0.0229028,121.256
"860",500,11.2,0.0508,39.6,0.0150478,131.96
"259",400,2,0.2286,55.5,0.00313525,122.292
"1338",2000,3.3,0.1016,31.7,0.00251435,131.642
"481",8000,0,0.1524,55.5,0.00172668,121.903
"1322",1000,3.3,0.1016,39.6,0.00245138,131.971
"1493",630,15.6,0.1016,39.6,0.0528487,118.084
"1182",250,17.4,0.0254,39.6,0.0172206,114.714
"299",6300,2,0.2286,31.7,0.00372371,115.137
"406",6300,7.3,0.2286,71.3,0.0104404,115.818
"314",12500,4,0.2286,71.3,0.00400603,114.258
"1316",5000,3.3,0.1016,55.5,0.002211,124.839
"836",1250,8.4,0.0508,31.7,0.00580776,130.156
"982",16000,0,0.0254,55.5,0.00041229,125.683
"146",630,3,0.3048,31.7,0.00529514,128.698
"1372",630,6.7,0.1016,31.7,0.00592927,132.116
"197",8000,0,0.2286,71.3,0.00214345,118.024
"226",3150,0,0.2286,39.6,0.00253511,124.625
"504",1600,0,0.1524,31.7,0.00209405,130.817
"1379",250,8.9,0.1016,71.3,0.0103088,134.533
"984",1600,0,0.0254,39.6,0.000428464,124.156
"727",1000,0,0.0508,71.3,0.000740478,129.45
"945",2000,19.7,0.0508,71.3,0.0341183,120.055
"1269",630,0,0.1016,39.6,0.00146332,125.401
"922",400,15.4,0.0508,31.7,0.0289853,123.705
"626",5000,7.2,0.1524,39.6,0.00909175,113.288
"262",800,2,0.2286,55.5,0.00313525,128.492
"390",6300,5.3,0.2286,39.6,0.00614329,112.541
"130",500,3,0.3048,39.6,0.00495741,127.632
"1396",315,8.9,0.1016,39.6,0.0124596,135.38
"1027",10000,4.8,0.0254,55.5,0.000873218,126.944
"374",8000,5.3,0.2286,71.3,0.0051942,114.9
"1429",400,12.3,0.1016,55.5,0.0368233,136.414
"770",2500,0,0.0508,31.7,0.000812164,134.87
"1015",10000,4.8,0.0254,71.3,0.000848633,127.398
"698",500,12.6,0.1524,71.3,0.0483159,121.664
"650",500,9.9,0.1524,55.5,0.0208438,127.815
"40",2000,0,0.3048,39.6,0.00310138,123.689
"517",2000,2.7,0.1524,71.3,0.00243851,130.114
"33",400,0,0.3048,39.6,0.00310138,124.809
"1459",250,12.3,0.1016,31.7,0.0418756,125.857
"103",1250,3,0.3048,71.3,0.00425727,127.634
"1499",2500,15.6,0.1016,39.6,0.0528487,110.264
"109",5000,3,0.3048,71.3,0.00425727,118.134
"1002",5000,0,0.0254,31.7,0.000439472,138.607
"1353",500,6.7,0.1016,55.5,0.0052139,129.343
"76",6300,1.5,0.3048,71.3,0.00336729,118.122
"980",10000,0,0.0254,55.5,0.00041229,134.563
"733",4000,0,0.0508,71.3,0.000740478,134.43
"16",630,0,0.3048,55.5,0.00283081,127.696
"1381",400,8.9,0.1016,71.3,0.0103088,138.123
"1272",1250,0,0.1016,39.6,0.00146332,132.271
"1006",12500,0,0.0254,31.7,0.000439472,128.977
"1349",1600,6.7,0.1016,71.3,0.00478288,136.678
"988",4000,0,0.0254,39.6,0.000428464,135.346
"82",400,1.5,0.3048,39.6,0.00392107,124.001
"914",2500,15.4,0.0508,39.6,0.0282593,122.413
"325",2500,4,0.2286,55.5,0.0042862,122.384
"1384",800,8.9,0.1016,71.3,0.0103088,137.813
"951",315,19.7,0.0508,39.6,0.036484,129.864
"296",3150,2,0.2286,31.7,0.00372371,121.527
"149",1250,3,0.3048,31.7,0.00529514,124.838
"996",1250,0,0.0254,31.7,0.000439472,127.947
"100",630,3,0.3048,71.3,0.00425727,129.354
"999",2500,0,0.0254,31.7,0.000439472,132.897
"298",5000,2,0.2286,31.7,0.00372371,118.267
"402",2500,7.3,0.2286,71.3,0.0104404,122.088
"91",3150,1.5,0.3048,39.6,0.00392107,119.111
"781",3150,4.2,0.0508,71.3,0.00142788,133.728
"1205",1600,17.4,0.0254,31.7,0.0176631,126.846
"1078",3150,9.5,0.0254,55.5,0.0043284,133.252
"851",1600,11.2,0.0508,71.3,0.014072,135.191
"288",500,2,0.2286,31.7,0.00372371,126.677
"720",2000,12.6,0.1524,39.6,0.0584113,109.52
"60",2500,0,0.3048,31.7,0.00331266,120.755
"1309",1000,3.3,0.1016,55.5,0.002211,131.129
"849",1000,11.2,0.0508,71.3,0.014072,136.941
"969",10000,0,0.0254,71.3,0.000400682,130.787
"377",315,5.3,0.2286,39.6,0.00614329,129.691
"638",1250,9.9,0.1524,71.3,0.0193001,122.679
"427",500,7.3,0.2286,39.6,0.0123481,130.299
"442",400,7.3,0.2286,31.7,0.0132672,130.269
"1136",800,12.7,0.0254,39.6,0.0130253,130.217
"584",400,5.4,0.1524,31.7,0.00525474,127.781
"1406",3150,8.9,0.1016,39.6,0.0124596,119.35
"1422",3150,12.3,0.1016,71.3,0.0337792,120.798
"1165",200,17.4,0.0254,55.5,0.0165706,109.951
"1404",2000,8.9,0.1016,39.6,0.0124596,119.04
"311",6300,4,0.2286,71.3,0.00400603,118.618
"912",1600,15.4,0.0508,39.6,0.0282593,124.843
"474",1600,0,0.1524,55.5,0.00172668,130.183
"811",800,8.4,0.0508,55.5,0.00544854,128.562
"42",3150,0,0.3048,39.6,0.00310138,120.319
"760",5000,0,0.0508,39.6,0.000791822,134.308
"1275",2500,0,0.1016,39.6,0.00146332,132.611
"25",5000,0,0.3048,55.5,0.00283081,119.606
"703",1600,12.6,0.1524,71.3,0.0483159,120.534
"1262",3150,0,0.1016,55.5,0.00131983,131.78
"526",16000,2.7,0.1524,71.3,0.00243851,110.364
"623",2500,7.2,0.1524,39.6,0.00909175,117.478
"1455",4000,12.3,0.1016,39.6,0.0408268,110.905
"943",1250,19.7,0.0508,71.3,0.0341183,121.485
"1473",6300,12.3,0.1016,31.7,0.0418756,107.267
"1408",5000,8.9,0.1016,39.6,0.0124596,113.08
"369",2500,5.3,0.2286,71.3,0.0051942,123.74
"512",630,2.7,0.1524,71.3,0.00243851,127.404
"758",3150,0,0.0508,39.6,0.000791822,135.938
"754",1250,0,0.0508,39.6,0.000791822,129.148
"799",800,8.4,0.0508,71.3,0.00529514,127.556
"862",800,11.2,0.0508,39.6,0.0150478,133.79
"1248",3150,0,0.1016,71.3,0.00121072,131.955
"774",6300,0,0.0508,31.7,0.000812164,130.34
"1238",3150,22.2,0.0254,39.6,0.0229028,120.856
"294",2000,2,0.2286,31.7,0.00372371,123.037
"607",3150,7.2,0.1524,71.3,0.00752039,116.783
"764",12500,0,0.0508,39.6,0.000791822,123.988
"783",5000,4.2,0.0508,71.3,0.00142788,132.828
"546",1000,5.4,0.1524,71.3,0.00401199,133.201
"426",400,7.3,0.2286,39.6,0.0123481,132.039
"471",800,0,0.1524,55.5,0.00172668,126.713
"188",5000,4,0.3048,39.6,0.00579636,113.733
"254",4000,2,0.2286,71.3,0.00293031,124.086
"268",3150,2,0.2286,55.5,0.00313525,123.742
"640",2000,9.9,0.1524,71.3,0.0193001,120.779
"41",2500,0,0.3048,39.6,0.00310138,121.399
"1217",1250,22.2,0.0254,71.3,0.0214178,140.987
"824",1000,8.4,0.0508,39.6,0.00566229,130.195
"664",315,9.9,0.1524,39.6,0.0233328,128.595
"1122",1600,12.7,0.0254,71.3,0.0121808,134.528
"537",5000,2.7,0.1524,39.6,0.00294804,121.499
"348",400,4,0.2286,31.7,0.00509068,126.149
"107",3150,3,0.3048,71.3,0.00425727,121.514
"317",400,4,0.2286,55.5,0.0042862,123.274
"1038",2500,4.8,0.0254,39.6,0.000907475,131.236
"162",800,4,0.3048,71.3,0.00497773,131.755
"636",800,9.9,0.1524,71.3,0.0193001,128.879
"706",3150,12.6,0.1524,71.3,0.0483159,113.334
"906",400,15.4,0.0508,39.6,0.0282593,125.353
"796",6300,4.2,0.0508,39.6,0.00152689,125.717
"630",200,9.9,0.1524,71.3,0.0193001,134.319
"1061",1250,9.5,0.0254,71.3,0.00420654,131.656
"1162",5000,17.4,0.0254,71.3,0.016104,123.126
"1009",2500,4.8,0.0254,71.3,0.000848633,130.828
"773",5000,0,0.0508,31.7,0.000812164,133.23
"78",10000,1.5,0.3048,71.3,0.00336729,113.492
"1383",630,8.9,0.1016,71.3,0.0103088,138.423
"1121",1250,12.7,0.0254,71.3,0.0121808,133.048
"483",12500,0,0.1524,55.5,0.00172668,117.093
"182",1250,4,0.3048,39.6,0.00579636,126.343
"1151",400,17.4,0.0254,71.3,0.016104,117.396
"992",10000,0,0.0254,39.6,0.000428464,133.376
"337",1250,4,0.2286,39.6,0.00473801,128.339
"539",8000,2.7,0.1524,39.6,0.00294804,116.659
"1204",1250,17.4,0.0254,31.7,0.0176631,128.306
"868",3150,11.2,0.0508,39.6,0.0150478,119.67
"212",3150,0,0.2286,55.5,0.00229336,125.16
"201",20000,0,0.2286,71.3,0.00214345,114.474
"62",4000,0,0.3048,31.7,0.00331266,118.145
"1293",8000,0,0.1016,31.7,0.00150092,120.193
"1148",200,17.4,0.0254,71.3,0.016104,112.506
"1087",630,9.5,0.0254,39.6,0.00449821,126.514
"1503",6300,15.6,0.1016,39.6,0.0528487,104.204
"573",800,5.4,0.1524,39.6,0.00485029,132.757
"540",10000,2.7,0.1524,39.6,0.00294804,112.589
"2",1000,0,0.3048,71.3,0.00266337,125.201
"671",1600,9.9,0.1524,39.6,0.0233328,118.545
"1332",10000,3.3,0.1016,39.6,0.00245138,115.321
"1232",800,22.2,0.0254,39.6,0.0229028,137.076
"771",3150,0,0.0508,31.7,0.000812164,135.49
"741",1250,0,0.0508,55.5,0.00076193,127.076
"269",4000,2,0.2286,55.5,0.00313525,122.232
"1036",1600,4.8,0.0254,39.6,0.000907475,125.966
"705",2500,12.6,0.1524,71.3,0.0483159,115.234
"670",1250,9.9,0.1524,39.6,0.0233328,120.555
"444",630,7.3,0.2286,31.7,0.0132672,126.189
"677",6300,9.9,0.1524,39.6,0.0233328,109.885
"1222",4000,22.2,0.0254,71.3,0.0214178,123.917
"1392",5000,8.9,0.1016,71.3,0.0103088,116.723
"1034",1000,4.8,0.0254,39.6,0.000907475,122.956
"967",6300,0,0.0254,71.3,0.000400682,134.987
"1279",6300,0,0.1016,39.6,0.00146332,125.631
"1225",8000,22.2,0.0254,71.3,0.0214178,121.657
"850",1250,11.2,0.0508,71.3,0.014072,136.191
"181",1000,4,0.3048,39.6,0.00579636,128.723
"751",12500,0,0.0508,55.5,0.00076193,125.376
"463",5000,0,0.1524,71.3,0.0015988,126.457
"605",2000,7.2,0.1524,71.3,0.00752039,128.643
"84",630,1.5,0.3048,39.6,0.00392107,128.311
"985",2000,0,0.0254,39.6,0.000428464,130.026
"464",6300,0,0.1524,71.3,0.0015988,125.427
"1461",400,12.3,0.1016,31.7,0.0418756,123.207
"225",2500,0,0.2286,39.6,0.00253511,125.025
"1126",4000,12.7,0.0254,71.3,0.0121808,131.808
"171",6300,4,0.3048,71.3,0.00497773,116.165
"489",1250,0,0.1524,39.6,0.00193287,131.023
"1457",6300,12.3,0.1016,39.6,0.0408268,107.985
"694",200,12.6,0.1524,71.3,0.0483159,128.354
"1023",4000,4.8,0.0254,55.5,0.000873218,133.924
"1231",630,22.2,0.0254,39.6,0.0229028,137.026
"1109",2500,9.5,0.0254,31.7,0.00461377,130.086
"153",3150,3,0.3048,31.7,0.00529514,118.108
"961",3150,19.7,0.0508,39.6,0.036484,113.004
"240",3150,0,0.2286,31.7,0.0027238,123.445
"1496",1250,15.6,0.1016,39.6,0.0528487,118.214
"1163",6300,17.4,0.0254,71.3,0.016104,119.916
"156",6300,3,0.3048,31.7,0.00529514,109.718
"274",500,2,0.2286,39.6,0.00346574,125.157
"1250",5000,0,0.1016,71.3,0.00121072,130.795
"762",8000,0,0.0508,39.6,0.000791822,128.518
"170",5000,4,0.3048,71.3,0.00497773,117.785
"292",1250,2,0.2286,31.7,0.00372371,128.677
"148",1000,3,0.3048,31.7,0.00529514,126.838
"719",1600,12.6,0.1524,39.6,0.0584113,110.78
"189",1250,0,0.2286,71.3,0.00214345,128.144
"1137",1000,12.7,0.0254,39.6,0.0130253,130.947
"1051",2000,4.8,0.0254,31.7,0.000930789,130.148
"606",2500,7.2,0.1524,71.3,0.00752039,124.353
"645",6300,9.9,0.1524,71.3,0.0193001,112.039
"1110",3150,9.5,0.0254,31.7,0.00461377,128.536
"250",1600,2,0.2286,71.3,0.00293031,127.796
"169",4000,4,0.3048,71.3,0.00497773,119.535
"907",500,15.4,0.0508,39.6,0.0282593,125.963
"732",3150,0,0.0508,71.3,0.000740478,135.07
"550",2500,5.4,0.1524,71.3,0.00401199,127.591
"457",1250,0,0.1524,71.3,0.0015988,128.927
"919",200,15.4,0.0508,31.7,0.0289853,119.975
"115",630,3,0.3048,55.5,0.00452492,129.569
"1259",1600,0,0.1016,55.5,0.00131983,132.05
"1237",2500,22.2,0.0254,39.6,0.0229028,121.306
"1369",315,6.7,0.1016,31.7,0.00592927,126.266
"1323",1250,3.3,0.1016,39.6,0.00245138,133.211
"438",6300,7.3,0.2286,39.6,0.0123481,110.839
"625",4000,7.2,0.1524,39.6,0.00909175,114.258
"542",400,5.4,0.1524,71.3,0.00401199,124.121
"699",630,12.6,0.1524,71.3,0.0483159,123.304
"917",5000,15.4,0.0508,39.6,0.0282593,114.453
"966",5000,0,0.0254,71.3,0.000400682,136.837
"1129",8000,12.7,0.0254,71.3,0.0121808,120.538
"1226",200,22.2,0.0254,39.6,0.0229028,116.066
"88",1600,1.5,0.3048,39.6,0.00392107,122.211
"391",200,7.3,0.2286,71.3,0.0104404,138.758
"398",1000,7.3,0.2286,71.3,0.0104404,126.838
"1359",2000,6.7,0.1016,55.5,0.0052139,129.653
"819",5000,8.4,0.0508,55.5,0.00544854,115.812
"1145",6300,12.7,0.0254,39.6,0.0130253,123.177
"37",1000,0,0.3048,39.6,0.00310138,127.899
"1345",630,6.7,0.1016,71.3,0.00478288,131.448
"163",1000,4,0.3048,71.3,0.00497773,131.015
"46",8000,0,0.3048,39.6,0.00310138,114.779
"859",400,11.2,0.0508,39.6,0.0150478,130.67
"1494",800,15.6,0.1016,39.6,0.0528487,118.964
"376",250,5.3,0.2286,39.6,0.00614329,127.011
"821",500,8.4,0.0508,39.6,0.00566229,122.905
"280",2000,2,0.2286,39.6,0.00346574,122.797
"934",6300,15.4,0.0508,31.7,0.0289853,108.185
"756",2000,0,0.0508,39.6,0.000791822,132.918
"981",12500,0,0.0254,55.5,0.00041229,131.453
"715",630,12.6,0.1524,39.6,0.0584113,116.55
"206",800,0,0.2286,55.5,0.00229336,127.53
"1295",800,3.3,0.1016,71.3,0.00202822,131.074
"918",6300,15.4,0.0508,39.6,0.0282593,109.663
"684",800,9.9,0.1524,31.7,0.0252785,125.539
"765",800,0,0.0508,31.7,0.000812164,122.79
"647",250,9.9,0.1524,55.5,0.0208438,133.235
"159",400,4,0.3048,71.3,0.00497773,129.575
"928",1600,15.4,0.0508,31.7,0.0289853,121.485
"978",6300,0,0.0254,55.5,0.00041229,136.103
"935",200,19.7,0.0508,71.3,0.0341183,118.005
"653",1000,9.9,0.1524,55.5,0.0208438,124.665
"1411",250,12.3,0.1016,71.3,0.0337792,131.568
"514",1000,2.7,0.1524,71.3,0.00243851,128.774
"1318",8000,3.3,0.1016,55.5,0.002211,120.569
"387",3150,5.3,0.2286,39.6,0.00614329,118.441
"929",2000,15.4,0.0508,31.7,0.0289853,120.835
"989",5000,0,0.0254,39.6,0.000428464,136.536
"747",5000,0,0.0508,55.5,0.00076193,134.556
"1340",3150,3.3,0.1016,31.7,0.00251435,128.252
"627",6300,7.2,0.1524,39.6,0.00909175,112.688
"620",1250,7.2,0.1524,39.6,0.00909175,122.428
"202",315,0,0.2286,55.5,0.00229336,119.54
"73",3150,1.5,0.3048,71.3,0.00336729,123.392
"335",800,4,0.2286,39.6,0.00473801,130.469
"1070",500,9.5,0.0254,55.5,0.0043284,123.082
"131",630,3,0.3048,39.6,0.00495741,129.292
"1174",1600,17.4,0.0254,55.5,0.0165706,126.471
"1085",400,9.5,0.0254,39.6,0.00449821,121.154
"1044",10000,4.8,0.0254,39.6,0.000907475,126.066
"682",500,9.9,0.1524,31.7,0.0252785,127.179
"983",20000,0,0.0254,55.5,0.00041229,121.933
"529",800,2.7,0.1524,39.6,0.00294804,128.829
"1426",200,12.3,0.1016,55.5,0.0368233,132.304
"273",400,2,0.2286,39.6,0.00346574,122.147
"94",6300,1.5,0.3048,39.6,0.00392107,114.751
"330",8000,4,0.2286,55.5,0.0042862,112.524
"933",5000,15.4,0.0508,31.7,0.0289853,112.355
"179",630,4,0.3048,39.6,0.00579636,131.073
"1500",3150,15.6,0.1016,39.6,0.0528487,109.254
"304",1250,4,0.2286,71.3,0.00400603,131.718
"930",2500,15.4,0.0508,31.7,0.0289853,119.945
"954",630,19.7,0.0508,39.6,0.036484,120.324
"473",1250,0,0.1524,55.5,0.00172668,129.953
"829",3150,8.4,0.0508,39.6,0.00566229,123.965
"1140",2000,12.7,0.0254,39.6,0.0130253,129.567
"726",800,0,0.0508,71.3,0.000740478,130.96
"1011",4000,4.8,0.0254,71.3,0.000848633,134.928
"108",4000,3,0.3048,71.3,0.00425727,120.264
"659",4000,9.9,0.1524,55.5,0.0208438,112.945
"1486",3150,15.6,0.1016,71.3,0.0437259,116.468
"618",800,7.2,0.1524,39.6,0.00909175,132.358
"1440",5000,12.3,0.1016,55.5,0.0368233,112.014
"755",1600,0,0.0508,39.6,0.000791822,130.908
"843",250,11.2,0.0508,71.3,0.014072,127.101
"1465",1000,12.3,0.1016,31.7,0.0418756,119.777
"746",4000,0,0.0508,55.5,0.00076193,134.946
"1073",1000,9.5,0.0254,55.5,0.0043284,130.332
"460",2500,0,0.1524,71.3,0.0015988,128.127
"1046",630,4.8,0.0254,31.7,0.000930789,120.078
"132",800,3,0.3048,39.6,0.00495741,129.552
"187",4000,4,0.3048,39.6,0.00579636,115.863
"53",500,0,0.3048,31.7,0.00331266,127.315
"1227",250,22.2,0.0254,39.6,0.0229028,117.386
"637",1000,9.9,0.1524,71.3,0.0193001,126.349
"1083",250,9.5,0.0254,39.6,0.00449821,116.924
"837",1600,8.4,0.0508,31.7,0.00580776,129.296
"1194",4000,17.4,0.0254,39.6,0.0172206,122.724
"702",1250,12.6,0.1524,71.3,0.0483159,120.154
"87",1250,1.5,0.3048,39.6,0.00392107,125.211
"228",5000,0,0.2286,39.6,0.00253511,122.175
"3",1250,0,0.3048,71.3,0.00266337,125.951
"1367",1600,6.7,0.1016,39.6,0.00578076,127.375
"1385",1000,8.9,0.1016,71.3,0.0103088,135.433
"1415",630,12.3,0.1016,71.3,0.0337792,135.368
"138",3150,3,0.3048,39.6,0.00495741,118.922
"1477",400,15.6,0.1016,71.3,0.0437259,134.058
"767",1250,0,0.0508,31.7,0.000812164,129.27
"1229",400,22.2,0.0254,39.6,0.0229028,123.416
"869",4000,11.2,0.0508,39.6,0.0150478,115.52
"669",1000,9.9,0.1524,39.6,0.0233328,123.835
"708",5000,12.6,0.1524,71.3,0.0483159,108.034
"905",315,15.4,0.0508,39.6,0.0282593,124.493
"1111",4000,9.5,0.0254,31.7,0.00461377,126.736
"496",6300,0,0.1524,39.6,0.00193287,121.313
"218",500,0,0.2286,39.6,0.00253511,126.195
"332",400,4,0.2286,39.6,0.00473801,123.879
"110",6300,3,0.3048,71.3,0.00425727,116.134
"619",1000,7.2,0.1524,39.6,0.00909175,128.338
"1460",315,12.3,0.1016,31.7,0.0418756,124.717
"1212",400,22.2,0.0254,71.3,0.0214178,117.927
"27",8000,0,0.3048,55.5,0.00283081,116.476
"592",2500,5.4,0.1524,31.7,0.00525474,119.151
"924",630,15.4,0.0508,31.7,0.0289853,124.685
"527",500,2.7,0.1524,39.6,0.00294804,121.009
"870",200,15.4,0.0508,71.3,0.0264269,123.595
"1047",800,4.8,0.0254,31.7,0.000930789,122.648
"778",1600,4.2,0.0508,71.3,0.00142788,124.318
"1244",1250,0,0.1016,71.3,0.00121072,130.335
"267",2500,2,0.2286,55.5,0.00313525,123.862
"493",3150,0,0.1524,39.6,0.00193287,125.603
"1418",1250,12.3,0.1016,71.3,0.0337792,126.648
"1020",2000,4.8,0.0254,55.5,0.000873218,125.054
"603",1250,7.2,0.1524,71.3,0.00752039,132.513
"1463",630,12.3,0.1016,31.7,0.0418756,119.287
"281",2500,2,0.2286,39.6,0.00346574,121.397
"536",4000,2.7,0.1524,39.6,0.00294804,121.889
"528",630,2.7,0.1524,39.6,0.00294804,125.809
"1451",1600,12.3,0.1016,39.6,0.0408268,117.875
"1355",800,6.7,0.1016,55.5,0.0052139,135.953
"743",2000,0,0.0508,55.5,0.00076193,131.456
"195",5000,0,0.2286,71.3,0.00214345,124.304
"341",3150,4,0.2286,39.6,0.00473801,120.419
"1437",2500,12.3,0.1016,55.5,0.0368233,117.054
"1175",2000,17.4,0.0254,55.5,0.0165706,125.261
"925",800,15.4,0.0508,31.7,0.0289853,125.555
"1430",500,12.3,0.1016,55.5,0.0368233,133.774
"375",10000,5.3,0.2286,71.3,0.0051942,111.35
"158",315,4,0.3048,71.3,0.00497773,128.175
"941",800,19.7,0.0508,71.3,0.0341183,124.555
"554",6300,5.4,0.1524,71.3,0.00401199,116.411
"98",400,3,0.3048,71.3,0.00425727,127.564
"820",400,8.4,0.0508,39.6,0.00566229,120.015
"1401",1000,8.9,0.1016,39.6,0.0124596,129.58
"683",630,9.9,0.1524,31.7,0.0252785,126.049
"1050",1600,4.8,0.0254,31.7,0.000930789,128.718
"646",200,9.9,0.1524,55.5,0.0208438,131.955
"826",1600,8.4,0.0508,39.6,0.00566229,130.965
"791",2000,4.2,0.0508,39.6,0.00152689,132.587
"938",400,19.7,0.0508,71.3,0.0341183,123.865
"425",315,7.3,0.2286,39.6,0.0123481,132.149
"252",2500,2,0.2286,71.3,0.00293031,127.006
"1297",1250,3.3,0.1016,71.3,0.00202822,132.304
"85",800,1.5,0.3048,39.6,0.00392107,128.831
"1057",8000,4.8,0.0254,31.7,0.000930789,127.008
"1240",5000,22.2,0.0254,39.6,0.0229028,118.816
"1453",2500,12.3,0.1016,39.6,0.0408268,113.315
"126",8000,3,0.3048,55.5,0.00452492,113.799
"547",1250,5.4,0.1524,71.3,0.00401199,134.111
"1276",3150,0,0.1016,39.6,0.00146332,130.961
"237",1600,0,0.2286,31.7,0.0027238,125.625
"1219",2000,22.2,0.0254,71.3,0.0214178,127.197
"503",1250,0,0.1524,31.7,0.00209405,131.467
"614",315,7.2,0.1524,39.6,0.00909175,130.558
"968",8000,0,0.0254,71.3,0.000400682,129.867
"95",8000,1.5,0.3048,39.6,0.00392107,112.251
"1193",3150,17.4,0.0254,39.6,0.0172206,123.564
"233",630,0,0.2286,31.7,0.0027238,129.465
"522",6300,2.7,0.1524,71.3,0.00243851,121.944
"379",500,5.3,0.2286,39.6,0.00614329,132.251
"1018",20000,4.8,0.0254,71.3,0.000848633,119.708
"331",315,4,0.2286,39.6,0.00473801,122.229
"987",3150,0,0.0254,39.6,0.000428464,133.276
"271",6300,2,0.2286,55.5,0.00313525,118.712
"828",2500,8.4,0.0508,39.6,0.00566229,127.465
"615",400,7.2,0.1524,39.6,0.00909175,132.118
"491",2000,0,0.1524,39.6,0.00193287,129.633
"1149",250,17.4,0.0254,71.3,0.016104,113.796
"712",315,12.6,0.1524,39.6,0.0584113,116.02
"1427",250,12.3,0.1016,55.5,0.0368233,133.294
"355",2000,4,0.2286,31.7,0.00509068,122.089
"685",1000,9.9,0.1524,31.7,0.0252785,122.149
"688",2000,9.9,0.1524,31.7,0.0252785,116.859
"8",4000,0,0.3048,71.3,0.00266337,123.061
"864",1250,11.2,0.0508,39.6,0.0150478,130.05
"105",2000,3,0.3048,71.3,0.00425727,125.524
"176",315,4,0.3048,39.6,0.00579636,126.843
"141",6300,3,0.3048,39.6,0.00495741,114.042
"1172",1000,17.4,0.0254,55.5,0.0165706,126.001
"530",1000,2.7,0.1524,39.6,0.00294804,130.589
"133",1000,3,0.3048,39.6,0.00495741,128.312
"543",500,5.4,0.1524,71.3,0.00401199,126.291
"532",1600,2.7,0.1524,39.6,0.00294804,130.049
"753",1000,0,0.0508,39.6,0.000791822,127.638
"1074",1250,9.5,0.0254,55.5,0.0043284,132.202
"707",4000,12.6,0.1524,71.3,0.0483159,108.034
"752",800,0,0.0508,39.6,0.000791822,126.508
"264",1250,2,0.2286,55.5,0.00313525,128.762
"275",630,2,0.2286,39.6,0.00346574,127.417
"266",2000,2,0.2286,55.5,0.00313525,124.612
"1234",1250,22.2,0.0254,39.6,0.0229028,126.446
"566",5000,5.4,0.1524,55.5,0.00433288,118.757
"490",1600,0,0.1524,39.6,0.00193287,131.013
"461",3150,0,0.1524,71.3,0.0015988,129.377
"1035",1250,4.8,0.0254,39.6,0.000907475,125.026
"589",1250,5.4,0.1524,31.7,0.00525474,123.991
"738",12500,0,0.0508,71.3,0.000740478,125.22
"143",315,3,0.3048,31.7,0.00529514,123.118
"1089",1000,9.5,0.0254,39.6,0.00449821,130.374
"485",500,0,0.1524,39.6,0.00193287,119.513
"256",6300,2,0.2286,71.3,0.00293031,120.786
"346",250,4,0.2286,31.7,0.00509068,120.189
"689",2500,9.9,0.1524,31.7,0.0252785,114.729
"412",630,7.3,0.2286,55.5,0.0111706,130.934
"722",3150,12.6,0.1524,39.6,0.0584113,106.26
"827",2000,8.4,0.0508,39.6,0.00566229,129.965
"1190",1600,17.4,0.0254,39.6,0.0172206,127.614
"946",2500,19.7,0.0508,71.3,0.0341183,118.385
"39",1600,0,0.3048,39.6,0.00310138,124.049
"418",2500,7.3,0.2286,55.5,0.0111706,118.994
"204",500,0,0.2286,55.5,0.00229336,123.78
"222",1250,0,0.2286,39.6,0.00253511,129.395
"1195",5000,17.4,0.0254,39.6,0.0172206,119.854
"660",5000,9.9,0.1524,55.5,0.0208438,112.065
"1391",4000,8.9,0.1016,71.3,0.0103088,120.243
"1251",6300,0,0.1016,71.3,0.00121072,129.395
"520",4000,2.7,0.1524,71.3,0.00243851,126.534
"276",800,2,0.2286,39.6,0.00346574,129.037
"668",800,9.9,0.1524,39.6,0.0233328,126.345
"1452",2000,12.3,0.1016,39.6,0.0408268,114.085
"366",1250,5.3,0.2286,71.3,0.0051942,133.38
"97",12500,1.5,0.3048,39.6,0.00392107,106.111
"696",315,12.6,0.1524,71.3,0.0483159,128.484
"558",800,5.4,0.1524,55.5,0.00433288,133.097
"1112",5000,9.5,0.0254,31.7,0.00461377,124.426
"1388",2000,8.9,0.1016,71.3,0.0103088,124.233
"184",2000,4,0.3048,39.6,0.00579636,120.963
"610",6300,7.2,0.1524,71.3,0.00752039,116.603
"318",500,4,0.2286,55.5,0.0042862,127.314
"69",1250,1.5,0.3048,71.3,0.00336729,125.872
"1363",630,6.7,0.1016,39.6,0.00578076,133.355
"1239",4000,22.2,0.0254,39.6,0.0229028,119.646
"1479",630,15.6,0.1016,71.3,0.0437259,122.288
"378",400,5.3,0.2286,39.6,0.00614329,131.221
"18",1000,0,0.3048,55.5,0.00283081,126.966
"242",5000,0,0.2286,31.7,0.0027238,120.505
"178",500,4,0.3048,39.6,0.00579636,130.173
"1380",315,8.9,0.1016,71.3,0.0103088,136.583
"1280",8000,0,0.1016,39.6,0.00146332,122.341
"392",250,7.3,0.2286,71.3,0.0104404,139.918
"1328",4000,3.3,0.1016,39.6,0.00245138,124.881
"488",1000,0,0.1524,39.6,0.00193287,130.033
"1371",500,6.7,0.1016,31.7,0.00592927,130.206
"1270",800,0,0.1016,39.6,0.00146332,128.401
"1439",4000,12.3,0.1016,55.5,0.0368233,114.404
"674",3150,9.9,0.1524,39.6,0.0233328,113.525
"448",1600,7.3,0.2286,31.7,0.0132672,119.039
"277",1000,2,0.2286,39.6,0.00346574,129.147
"180",800,4,0.3048,39.6,0.00579636,130.723
"83",500,1.5,0.3048,39.6,0.00392107,126.661
"1160",3150,17.4,0.0254,71.3,0.016104,126.536
"506",2500,0,0.1524,31.7,0.00209405,125.867
"1206",2000,17.4,0.0254,31.7,0.0176631,124.356
"594",4000,5.4,0.1524,31.7,0.00525474,116.181
"1444",315,12.3,0.1016,39.6,0.0408268,129.415
"792",2500,4.2,0.0508,39.6,0.00152689,133.847
"1095",4000,9.5,0.0254,39.6,0.00449821,127.864
"157",250,4,0.3048,71.3,0.00497773,126.395
"1025",6300,4.8,0.0254,55.5,0.000873218,135.164
"790",1600,4.2,0.0508,39.6,0.00152689,130.197
"900",4000,15.4,0.0508,55.5,0.0271925,120.92
"215",6300,0,0.2286,55.5,0.00229336,118.41
"913",2000,15.4,0.0508,39.6,0.0282593,123.443
"236",1250,0,0.2286,31.7,0.0027238,128.805
"1107",1600,9.5,0.0254,31.7,0.00461377,131.036
"1021",2500,4.8,0.0254,55.5,0.000873218,129.144
"691",4000,9.9,0.1524,31.7,0.0252785,111.459
"295",2500,2,0.2286,31.7,0.00372371,121.407
"521",5000,2.7,0.1524,71.3,0.00243851,124.364
"831",400,8.4,0.0508,31.7,0.00580776,120.076
"1156",1250,17.4,0.0254,71.3,0.016104,126.356
"531",1250,2.7,0.1524,39.6,0.00294804,130.829
"21",2000,0,0.3048,55.5,0.00283081,126.616
"363",630,5.3,0.2286,71.3,0.0051942,131.8
"959",2000,19.7,0.0508,39.6,0.036484,117.724
"492",2500,0,0.1524,39.6,0.00193287,126.863
"866",2000,11.2,0.0508,39.6,0.0150478,124.42
"372",5000,5.3,0.2286,71.3,0.0051942,118.05
"903",200,15.4,0.0508,39.6,0.0282593,121.783
"1032",630,4.8,0.0254,39.6,0.000907475,118.696
"1469",2500,12.3,0.1016,31.7,0.0418756,110.317
"1105",1000,9.5,0.0254,31.7,0.00461377,131.346
"994",16000,0,0.0254,39.6,0.000428464,124.986
"1502",5000,15.6,0.1016,39.6,0.0528487,106.224
"92",4000,1.5,0.3048,39.6,0.00392107,117.741
"1330",6300,3.3,0.1016,39.6,0.00245138,120.851
"420",4000,7.3,0.2286,55.5,0.0111706,117.284
"697",400,12.6,0.1524,71.3,0.0483159,127.094
"1183",315,17.4,0.0254,39.6,0.0172206,115.144
"667",630,9.9,0.1524,39.6,0.0233328,126.465
"666",500,9.9,0.1524,39.6,0.0233328,126.835
"57",1250,0,0.3048,31.7,0.00331266,124.355
"725",6300,12.6,0.1524,39.6,0.0584113,103.38
"232",500,0,0.2286,31.7,0.0027238,126.675
"803",2000,8.4,0.0508,71.3,0.00529514,134.476
"1446",500,12.3,0.1016,39.6,0.0408268,122.205
"13",12500,0,0.3048,71.3,0.00266337,112.241
"1007",16000,0,0.0254,31.7,0.000439472,125.627
"1082",200,9.5,0.0254,39.6,0.00449821,116.074
"1154",800,17.4,0.0254,71.3,0.016104,124.276
"809",500,8.4,0.0508,55.5,0.00544854,123.742
"1101",400,9.5,0.0254,31.7,0.00461377,124.756
"1351",2500,6.7,0.1016,71.3,0.00478288,131.458
"394",400,7.3,0.2286,71.3,0.0104404,139.438
"1060",1000,9.5,0.0254,71.3,0.00420654,129.556
"1267",10000,0,0.1016,55.5,0.00131983,121.93
"1329",5000,3.3,0.1016,39.6,0.00245138,122.371
"353",1250,4,0.2286,31.7,0.00509068,128.119
"1303",5000,3.3,0.1016,71.3,0.00202822,127.054
"65",8000,0,0.3048,31.7,0.00331266,110.515
"590",1600,5.4,0.1524,31.7,0.00525474,123.761
"895",1250,15.4,0.0508,55.5,0.0271925,130
"1243",1000,0,0.1016,71.3,0.00121072,128.825
"58",1600,0,0.3048,31.7,0.00331266,122.365
"757",2500,0,0.0508,39.6,0.000791822,134.938
"480",6300,0,0.1524,55.5,0.00172668,123.303
"1210",5000,17.4,0.0254,31.7,0.0176631,117.996
"511",8000,0,0.1524,31.7,0.00209405,117.957
"1409",6300,8.9,0.1016,39.6,0.0124596,113.11
"361",400,5.3,0.2286,71.3,0.0051942,127.7
"1106",1250,9.5,0.0254,31.7,0.00461377,131.446
"371",4000,5.3,0.2286,71.3,0.0051942,120.33
"1306",10000,3.3,0.1016,71.3,0.00202822,116.694
"920",250,15.4,0.0508,31.7,0.0289853,121.225
"354",1600,4,0.2286,31.7,0.00509068,125.229
"1287",2000,0,0.1016,31.7,0.00150092,133.153
"1354",630,6.7,0.1016,55.5,0.0052139,133.023
"1220",2500,22.2,0.0254,71.3,0.0214178,126.097
"1364",800,6.7,0.1016,39.6,0.00578076,134.625
"1291",5000,0,0.1016,31.7,0.00150092,124.393
"284",5000,2,0.2286,39.6,0.00346574,118.827
"816",2500,8.4,0.0508,55.5,0.00544854,131.542
"1055",5000,4.8,0.0254,31.7,0.000930789,135.248
"150",1600,3,0.3048,31.7,0.00529514,122.088
"944",1600,19.7,0.0508,71.3,0.0341183,120.575
"1320",630,3.3,0.1016,39.6,0.00245138,127.251
"724",5000,12.6,0.1524,39.6,0.0584113,104.13
"863",1000,11.2,0.0508,39.6,0.0150478,132.43
"872",315,15.4,0.0508,71.3,0.0264269,126.195
"30",200,0,0.3048,39.6,0.00310138,118.129
"1398",500,8.9,0.1016,39.6,0.0124596,133.79
"1181",200,17.4,0.0254,39.6,0.0172206,114.044
"921",315,15.4,0.0508,31.7,0.0289853,122.845
"678",200,9.9,0.1524,31.7,0.0252785,127.299
"99",500,3,0.3048,71.3,0.00425727,128.454
"833",630,8.4,0.0508,31.7,0.00580776,125.856
"175",250,4,0.3048,39.6,0.00579636,123.543
"516",1600,2.7,0.1524,71.3,0.00243851,130.644
"1357",1250,6.7,0.1016,55.5,0.0052139,136.883
"927",1250,15.4,0.0508,31.7,0.0289853,123.255
"1068",6300,9.5,0.0254,71.3,0.00420654,127.246
"710",200,12.6,0.1524,39.6,0.0584113,114.75
"788",1000,4.2,0.0508,39.6,0.00152689,125.647
"649",400,9.9,0.1524,55.5,0.0208438,131.605
"950",250,19.7,0.0508,39.6,0.036484,127.224
"415",1250,7.3,0.2286,55.5,0.0111706,125.724
"908",630,15.4,0.0508,39.6,0.0282593,127.443
"454",6300,7.3,0.2286,31.7,0.0132672,110.689
"662",200,9.9,0.1524,39.6,0.0233328,127.315
"497",8000,0,0.1524,39.6,0.00193287,120.553
"1125",3150,12.7,0.0254,71.3,0.0121808,133.758
"443",500,7.3,0.2286,31.7,0.0132672,128.169
"210",2000,0,0.2286,55.5,0.00229336,126.54
"1263",4000,0,0.1016,55.5,0.00131983,129.5
"1419",1600,12.3,0.1016,71.3,0.0337792,124.748
"875",630,15.4,0.0508,71.3,0.0264269,129.645
"1421",2500,12.3,0.1016,71.3,0.0337792,121.318
"459",2000,0,0.1524,71.3,0.0015988,128.647
"1374",1000,6.7,0.1016,31.7,0.00592927,131.636
"1290",4000,0,0.1016,31.7,0.00150092,126.933
"823",800,8.4,0.0508,39.6,0.00566229,128.435
"891",500,15.4,0.0508,55.5,0.0271925,127.22
"1344",8000,3.3,0.1016,31.7,0.00251435,117.432
"238",2000,0,0.2286,31.7,0.0027238,123.455
"1312",2000,3.3,0.1016,55.5,0.002211,133.649
"1",800,0,0.3048,71.3,0.00266337,126.201
"569",315,5.4,0.1524,39.6,0.00485029,125.347
"1116",400,12.7,0.0254,71.3,0.0121808,125.048
"1199",400,17.4,0.0254,31.7,0.0176631,120.766
"1143",4000,12.7,0.0254,39.6,0.0130253,126.537
"71",2000,1.5,0.3048,71.3,0.00336729,126.642
"654",1250,9.9,0.1524,55.5,0.0208438,121.635
"10",6300,0,0.3048,71.3,0.00266337,119.541
"1334",800,3.3,0.1016,31.7,0.00251435,131.362
"1005",10000,0,0.0254,31.7,0.000439472,134.227
"166",2000,4,0.3048,71.3,0.00497773,124.395
"1054",4000,4.8,0.0254,31.7,0.000930789,135.328
"789",1250,4.2,0.0508,39.6,0.00152689,128.427
"63",5000,0,0.3048,31.7,0.00331266,115.645
"1417",1000,12.3,0.1016,71.3,0.0337792,127.928
"909",800,15.4,0.0508,39.6,0.0282593,128.423
"35",630,0,0.3048,39.6,0.00310138,128.629
"1141",2500,12.7,0.0254,39.6,0.0130253,129.027
"1325",2000,3.3,0.1016,39.6,0.00245138,132.301
"1246",2000,0,0.1016,71.3,0.00121072,132.095
"813",1250,8.4,0.0508,55.5,0.00544854,132.252
"1414",500,12.3,0.1016,71.3,0.0337792,140.158
"797",8000,4.2,0.0508,39.6,0.00152689,120.397
"731",2500,0,0.0508,71.3,0.000740478,131.31
"487",800,0,0.1524,39.6,0.00193287,127.903
"1416",800,12.3,0.1016,71.3,0.0337792,127.318
"17",800,0,0.3048,55.5,0.00283081,128.086
"482",10000,0,0.1524,55.5,0.00172668,119.253
"1052",2500,4.8,0.0254,31.7,0.000930789,132.588
"433",2000,7.3,0.2286,39.6,0.0123481,117.809
"1436",2000,12.3,0.1016,55.5,0.0368233,118.564
"1435",1600,12.3,0.1016,55.5,0.0368233,121.824
"1242",800,0,0.1016,71.3,0.00121072,126.805
"1425",6300,12.3,0.1016,71.3,0.0337792,113.958
"1178",4000,17.4,0.0254,55.5,0.0165706,121.771
"478",4000,0,0.1524,55.5,0.00172668,127.233
"1080",5000,9.5,0.0254,55.5,0.0043284,128.412
"458",1600,0,0.1524,71.3,0.0015988,129.667
"112",10000,3,0.3048,71.3,0.00425727,110.224
"161",630,4,0.3048,71.3,0.00497773,131.615
"106",2500,3,0.3048,71.3,0.00425727,124.024
"135",1600,3,0.3048,39.6,0.00495741,122.782
"1352",3150,6.7,0.1016,71.3,0.00478288,124.458
"1118",630,12.7,0.0254,71.3,0.0121808,128.878
"1147",10000,12.7,0.0254,39.6,0.0130253,116.017
"1271",1000,0,0.1016,39.6,0.00146332,130.781
"776",10000,0,0.0508,31.7,0.000812164,122.45
"1223",5000,22.2,0.0254,71.3,0.0214178,125.727
"145",500,3,0.3048,31.7,0.00529514,127.548
"939",500,19.7,0.0508,71.3,0.0341183,126.995
"1266",8000,0,0.1016,55.5,0.00131983,124.45
"1390",3150,8.9,0.1016,71.3,0.0103088,123.263
"80",16000,1.5,0.3048,71.3,0.00336729,106.582
"692",5000,9.9,0.1524,31.7,0.0252785,109.949
"1386",1250,8.9,0.1016,71.3,0.0103088,132.793
"510",6300,0,0.1524,31.7,0.00209405,119.737
"486",630,0,0.1524,39.6,0.00193287,124.403
"1113",6300,9.5,0.0254,31.7,0.00461377,120.726
"853",2500,11.2,0.0508,71.3,0.014072,130.541
"568",8000,5.4,0.1524,55.5,0.00433288,114.927
"1260",2000,0,0.1016,55.5,0.00131983,132.54
"695",250,12.6,0.1524,71.3,0.0483159,129.744
"750",10000,0,0.0508,55.5,0.00076193,127.636
"579",3150,5.4,0.1524,39.6,0.00485029,119.137
"164",1250,4,0.3048,71.3,0.00497773,129.395
"291",1000,2,0.2286,31.7,0.00372371,130.307
"1026",8000,4.8,0.0254,55.5,0.000873218,132.184
"1476",315,15.6,0.1016,71.3,0.0437259,133.808
"700",800,12.6,0.1524,71.3,0.0483159,123.054
"248",1000,2,0.2286,71.3,0.00293031,128.956
"388",4000,5.3,0.2286,39.6,0.00614329,115.801
"285",6300,2,0.2286,39.6,0.00346574,116.417
"475",2000,0,0.1524,55.5,0.00172668,129.673
"995",1000,0,0.0254,31.7,0.000439472,125.127
"300",500,4,0.2286,71.3,0.00400603,126.758
"785",8000,4.2,0.0508,71.3,0.00142788,125.268
"524",10000,2.7,0.1524,71.3,0.00243851,116.724
"111",8000,3,0.3048,71.3,0.00425727,114.634
"881",2500,15.4,0.0508,71.3,0.0264269,127.625
"1029",16000,4.8,0.0254,55.5,0.000873218,124.394
"1049",1250,4.8,0.0254,31.7,0.000930789,127.408
"1198",315,17.4,0.0254,31.7,0.0176631,118.416
"974",2500,0,0.0254,55.5,0.00041229,130.073
"915",3150,15.4,0.0508,39.6,0.0282593,120.513
"768",1600,0,0.0508,31.7,0.000812164,131.01
"1241",630,0,0.1016,71.3,0.00121072,124.155
"411",500,7.3,0.2286,55.5,0.0111706,133.174
"1362",500,6.7,0.1016,39.6,0.00578076,130.955
"749",8000,0,0.0508,55.5,0.00076193,130.156
"830",4000,8.4,0.0508,39.6,0.00566229,118.955
"224",2000,0,0.2286,39.6,0.00253511,125.305
"79",12500,1.5,0.3048,71.3,0.00336729,109.222
"303",1000,4,0.2286,71.3,0.00400603,131.708
"404",4000,7.3,0.2286,71.3,0.0104404,119.208
"1335",1000,3.3,0.1016,31.7,0.00251435,133.012
"557",630,5.4,0.1524,55.5,0.00433288,131.807
"147",800,3,0.3048,31.7,0.00529514,128.708
"578",2500,5.4,0.1524,39.6,0.00485029,120.497
"1304",6300,3.3,0.1016,71.3,0.00202822,124.904
"1059",800,9.5,0.0254,71.3,0.00420654,127.206
"690",3150,9.9,0.1524,31.7,0.0252785,112.209
"1442",200,12.3,0.1016,39.6,0.0408268,128.545
"324",2000,4,0.2286,55.5,0.0042862,124.254
"1191",2000,17.4,0.0254,39.6,0.0172206,126.644
"574",1000,5.4,0.1524,39.6,0.00485029,130.507
"613",250,7.2,0.1524,39.6,0.00909175,127.488
"890",400,15.4,0.0508,55.5,0.0271925,126.5
"56",1000,0,0.3048,31.7,0.00331266,127.365
"1281",10000,0,0.1016,39.6,0.00146332,119.561
"679",250,9.9,0.1524,31.7,0.0252785,128.559
"14",16000,0,0.3048,71.3,0.00266337,108.721
"61",3150,0,0.3048,31.7,0.00331266,119.135
"74",4000,1.5,0.3048,71.3,0.00336729,121.762
"1376",1600,6.7,0.1016,31.7,0.00592927,124.346
"586",630,5.4,0.1524,31.7,0.00525474,131.471
"681",400,9.9,0.1524,31.7,0.0252785,128.939
"1158",2000,17.4,0.0254,71.3,0.016104,126.826
"70",1600,1.5,0.3048,71.3,0.00336729,126.632
"1031",500,4.8,0.0254,39.6,0.000907475,116.366
"1470",3150,12.3,0.1016,31.7,0.0418756,110.307
"90",2500,1.5,0.3048,39.6,0.00392107,120.981
"190",1600,0,0.2286,71.3,0.00214345,129.134
"293",1600,2,0.2286,31.7,0.00372371,125.797
"1471",4000,12.3,0.1016,31.7,0.0418756,108.407
"339",2000,4,0.2286,39.6,0.00473801,121.659
"596",6300,5.4,0.1524,31.7,0.00525474,115.591
"11",8000,0,0.3048,71.3,0.00266337,117.151
"327",4000,4,0.2286,55.5,0.0042862,120.654
"440",250,7.3,0.2286,31.7,0.0132672,130.089
"362",500,5.3,0.2286,71.3,0.0051942,129.88
"172",8000,4,0.3048,71.3,0.00497773,113.665
"1450",1250,12.3,0.1016,39.6,0.0408268,121.165
"1164",8000,17.4,0.0254,71.3,0.016104,115.466
"1356",1000,6.7,0.1016,55.5,0.0052139,137.233
"986",2500,0,0.0254,39.6,0.000428464,131.836
"1086",500,9.5,0.0254,39.6,0.00449821,123.894
"1268",12500,0,0.1016,55.5,0.00131983,119.91
"1282",630,0,0.1016,31.7,0.00150092,126.413
"432",1600,7.3,0.2286,39.6,0.0123481,121.059
"261",630,2,0.2286,55.5,0.00313525,126.842
"499",500,0,0.1524,31.7,0.00209405,121.617
"1192",2500,17.4,0.0254,39.6,0.0172206,124.154
"43",4000,0,0.3048,39.6,0.00310138,119.229
"449",2000,7.3,0.2286,31.7,0.0132672,115.309
"545",800,5.4,0.1524,71.3,0.00401199,131.281
"1300",2500,3.3,0.1016,71.3,0.00202822,133.894
"67",800,1.5,0.3048,71.3,0.00336729,127.122
"804",2500,8.4,0.0508,71.3,0.00529514,134.226
"1299",2000,3.3,0.1016,71.3,0.00202822,134.034
"1311",1600,3.3,0.1016,55.5,0.002211,133.649
"289",630,2,0.2286,31.7,0.00372371,129.057
"1230",500,22.2,0.0254,39.6,0.0229028,129.776
"243",6300,0,0.2286,31.7,0.0027238,116.815
"759",4000,0,0.0508,39.6,0.000791822,135.308
"1445",400,12.3,0.1016,39.6,0.0408268,128.265
"1131",250,12.7,0.0254,39.6,0.0130253,121.547
"1173",1250,17.4,0.0254,55.5,0.0165706,129.301
"247",800,2,0.2286,71.3,0.00293031,128.216
"1103",630,9.5,0.0254,31.7,0.00461377,129.006
"208",1250,0,0.2286,55.5,0.00229336,127.91
"1346",800,6.7,0.1016,71.3,0.00478288,134.478
"593",3150,5.4,0.1524,31.7,0.00525474,118.291
"1211",315,22.2,0.0254,71.3,0.0214178,115.857
"838",2000,8.4,0.0508,31.7,0.00580776,127.686
"1283",800,0,0.1016,31.7,0.00150092,129.053
"1207",2500,17.4,0.0254,31.7,0.0176631,124.166
"955",800,19.7,0.0508,39.6,0.036484,119.174
"323",1600,4,0.2286,55.5,0.0042862,128.264
"1187",800,17.4,0.0254,39.6,0.0172206,135.324
"736",8000,0,0.0508,71.3,0.000740478,130.89
"22",2500,0,0.3048,55.5,0.00283081,124.106
"1337",1600,3.3,0.1016,31.7,0.00251435,133.402
"230",315,0,0.2286,31.7,0.0027238,120.595
"272",315,2,0.2286,39.6,0.00346574,120.137
"1468",2000,12.3,0.1016,31.7,0.0418756,110.447
"1133",400,12.7,0.0254,39.6,0.0130253,125.527
"246",630,2,0.2286,71.3,0.00293031,127.356
"265",1600,2,0.2286,55.5,0.00313525,126.752
"611",8000,7.2,0.1524,71.3,0.00752039,113.333
"897",2000,15.4,0.0508,55.5,0.0271925,127.04
"832",500,8.4,0.0508,31.7,0.00580776,122.966
"1308",800,3.3,0.1016,55.5,0.002211,129.119
"1189",1250,17.4,0.0254,39.6,0.0172206,131.364
"841",4000,8.4,0.0508,31.7,0.00580776,118.106
"737",10000,0,0.0508,71.3,0.000740478,128.74
"971",16000,0,0.0254,71.3,0.000400682,130.477
"1492",500,15.6,0.1016,39.6,0.0528487,115.304
"940",630,19.7,0.0508,71.3,0.0341183,128.365
"937",315,19.7,0.0508,71.3,0.0341183,121.235
"713",400,12.6,0.1524,39.6,0.0584113,115.91
"498",10000,0,0.1524,39.6,0.00193287,115.413
"344",6300,4,0.2286,39.6,0.00473801,114.249
"203",400,0,0.2286,55.5,0.00229336,121.66
"1341",4000,3.3,0.1016,31.7,0.00251435,124.852
"167",2500,4,0.3048,71.3,0.00497773,123.775
"1412",315,12.3,0.1016,71.3,0.0337792,137.068
"151",2000,3,0.3048,31.7,0.00529514,120.088
"417",2000,7.3,0.2286,55.5,0.0111706,120.354
"1485",2500,15.6,0.1016,71.3,0.0437259,118.998
"120",2000,3,0.3048,55.5,0.00452492,123.069
"963",2500,0,0.0254,71.3,0.000400682,133.707
"953",500,19.7,0.0508,39.6,0.036484,128.444
"244",400,2,0.2286,71.3,0.00293031,125.116
"434",2500,7.3,0.2286,39.6,0.0123481,116.559
"822",630,8.4,0.0508,39.6,0.00566229,126.045
"77",8000,1.5,0.3048,71.3,0.00336729,115.372
"1176",2500,17.4,0.0254,55.5,0.0165706,124.931
"309",4000,4,0.2286,71.3,0.00400603,121.728
"102",1000,3,0.3048,71.3,0.00425727,129.004
"118",1250,3,0.3048,55.5,0.00452492,127.329
"1302",4000,3.3,0.1016,71.3,0.00202822,128.704
"665",400,9.9,0.1524,39.6,0.0233328,128.345
"193",3150,0,0.2286,71.3,0.00214345,127.834
"1186",630,17.4,0.0254,39.6,0.0172206,124.514
"1008",2000,4.8,0.0254,71.3,0.000848633,128.398
"1350",2000,6.7,0.1016,71.3,0.00478288,134.568
"1114",250,12.7,0.0254,71.3,0.0121808,119.698
"1315",4000,3.3,0.1016,55.5,0.002211,127.229
"1405",2500,8.9,0.1016,39.6,0.0124596,119.19
"565",4000,5.4,0.1524,55.5,0.00433288,119.737
"814",1600,8.4,0.0508,55.5,0.00544854,133.032
"748",6300,0,0.0508,55.5,0.00076193,132.796
"501",800,0,0.1524,31.7,0.00209405,129.117
"1431",630,12.3,0.1016,55.5,0.0368233,124.244
"385",2000,5.3,0.2286,39.6,0.00614329,117.911
"571",500,5.4,0.1524,39.6,0.00485029,129.937
"644",5000,9.9,0.1524,71.3,0.0193001,114.569
"800",1000,8.4,0.0508,71.3,0.00529514,129.946
"858",315,11.2,0.0508,39.6,0.0150478,128.99
"508",4000,0,0.1524,31.7,0.00209405,123.807
"735",6300,0,0.0508,71.3,0.000740478,133.04
"1487",4000,15.6,0.1016,71.3,0.0437259,113.298
"1153",630,17.4,0.0254,71.3,0.016104,122.606
"403",3150,7.3,0.2286,71.3,0.0104404,120.458
"1142",3150,12.7,0.0254,39.6,0.0130253,127.847
"306",2000,4,0.2286,71.3,0.00400603,126.218
"1294",10000,0,0.1016,31.7,0.00150092,115.893
"223",1600,0,0.2286,39.6,0.00253511,127.095
"1313",2500,3.3,0.1016,55.5,0.002211,132.889
"740",1000,0,0.0508,55.5,0.00076193,125.586
"885",6300,15.4,0.0508,71.3,0.0264269,115.215
"1472",5000,12.3,0.1016,31.7,0.0418756,107.147
"430",1000,7.3,0.2286,39.6,0.0123481,122.539
"263",1000,2,0.2286,55.5,0.00313525,129.002
"888",250,15.4,0.0508,55.5,0.0271925,124.17
"38",1250,0,0.3048,39.6,0.00310138,125.499
"657",2500,9.9,0.1524,55.5,0.0208438,118.365
"1488",200,15.6,0.1016,39.6,0.0528487,123.514
"1119",800,12.7,0.0254,71.3,0.0121808,130.348
"1063",2000,9.5,0.0254,71.3,0.00420654,134.976
"414",1000,7.3,0.2286,55.5,0.0111706,125.194
"1108",2000,9.5,0.0254,31.7,0.00461377,130.496
"1428",315,12.3,0.1016,55.5,0.0368233,135.674
"676",5000,9.9,0.1524,39.6,0.0233328,111.135
"642",3150,9.9,0.1524,71.3,0.0193001,116.849
"1012",5000,4.8,0.0254,71.3,0.000848633,135.468
"894",1000,15.4,0.0508,55.5,0.0271925,130.4
"467",12500,0,0.1524,71.3,0.0015988,117.087
"1254",12500,0,0.1016,71.3,0.00121072,119.375
"970",12500,0,0.0254,71.3,0.000400682,133.207
"1432",800,12.3,0.1016,55.5,0.0368233,125.114
"72",2500,1.5,0.3048,71.3,0.00336729,124.512
"213",4000,0,0.2286,55.5,0.00229336,123.41
"1407",4000,8.9,0.1016,39.6,0.0124596,116.22
"1079",4000,9.5,0.0254,55.5,0.0043284,131.582
"382",1000,5.3,0.2286,39.6,0.00614329,125.581
"349",500,4,0.2286,31.7,0.00509068,128.939
"1288",2500,0,0.1016,31.7,0.00150092,132.003
"185",2500,4,0.3048,39.6,0.00579636,120.233
"745",3150,0,0.0508,55.5,0.00076193,134.826
"1467",1600,12.3,0.1016,31.7,0.0418756,114.477
"599",500,7.2,0.1524,71.3,0.00752039,132.043
"101",800,3,0.3048,71.3,0.00425727,129.494
"663",250,9.9,0.1524,39.6,0.0233328,128.335
"1423",4000,12.3,0.1016,71.3,0.0337792,118.018
"656",2000,9.9,0.1524,55.5,0.0208438,119.505
"947",3150,19.7,0.0508,71.3,0.0341183,116.225
"979",8000,0,0.0254,55.5,0.00041229,136.163
"1484",2000,15.6,0.1016,71.3,0.0437259,119.888
"1333",630,3.3,0.1016,31.7,0.00251435,128.952
"1201",630,17.4,0.0254,31.7,0.0176631,136.886
"1438",3150,12.3,0.1016,55.5,0.0368233,116.914
"1454",3150,12.3,0.1016,39.6,0.0408268,113.055
"476",2500,0,0.1524,55.5,0.00172668,127.763
"320",800,4,0.2286,55.5,0.0042862,131.864
"1319",10000,3.3,0.1016,55.5,0.002211,115.659
"604",1600,7.2,0.1524,71.3,0.00752039,130.893
"1361",400,6.7,0.1016,39.6,0.00578076,128.295
"1096",5000,9.5,0.0254,39.6,0.00449821,125.044
"462",4000,0,0.1524,71.3,0.0015988,128.857
"51",315,0,0.3048,31.7,0.00331266,122.765
"437",5000,7.3,0.2286,39.6,0.0123481,111.959
"1155",1000,17.4,0.0254,71.3,0.016104,125.816
"168",3150,4,0.3048,71.3,0.00497773,121.775
"211",2500,0,0.2286,55.5,0.00229336,126.54
"721",2500,12.6,0.1524,39.6,0.0584113,106.88
"815",2000,8.4,0.0508,55.5,0.00544854,133.042
"455",800,0,0.1524,71.3,0.0015988,125.817
"709",6300,12.6,0.1524,71.3,0.0483159,107.284
"408",250,7.3,0.2286,55.5,0.0111706,136.384
"207",1000,0,0.2286,55.5,0.00229336,128.29
"6",2500,0,0.3048,71.3,0.00266337,125.571
"555",400,5.4,0.1524,55.5,0.00433288,126.807
"910",1000,15.4,0.0508,39.6,0.0282593,127.893
"587",800,5.4,0.1524,31.7,0.00525474,131.491
"255",5000,2,0.2286,71.3,0.00293031,122.816
"857",250,11.2,0.0508,39.6,0.0150478,126.43
"219",630,0,0.2286,39.6,0.00253511,128.705
"808",400,8.4,0.0508,55.5,0.00544854,121.582
"119",1600,3,0.3048,55.5,0.00452492,124.439
"26",6300,0,0.3048,55.5,0.00283081,117.976
"384",1600,5.3,0.2286,39.6,0.00614329,123.081
"249",1250,2,0.2286,71.3,0.00293031,128.816
"602",1000,7.2,0.1524,71.3,0.00752039,134.273
"333",500,4,0.2286,39.6,0.00473801,127.039
"1286",1600,0,0.1016,31.7,0.00150092,133.553
"655",1600,9.9,0.1524,55.5,0.0208438,119.875
"1127",5000,12.7,0.0254,71.3,0.0121808,128.978
"576",1600,5.4,0.1524,39.6,0.00485029,126.267
"597",315,7.2,0.1524,71.3,0.00752039,128.713
"1188",1000,17.4,0.0254,39.6,0.0172206,138.274
"523",8000,2.7,0.1524,71.3,0.00243851,120.534
"1215",800,22.2,0.0254,71.3,0.0214178,123.227
"562",2000,5.4,0.1524,55.5,0.00433288,128.707
"36",800,0,0.3048,39.6,0.00310138,129.099
"1336",1250,3.3,0.1016,31.7,0.00251435,134.022
"779",2000,4.2,0.0508,71.3,0.00142788,129.848
"973",2000,0,0.0254,55.5,0.00041229,127.623
"302",800,4,0.2286,71.3,0.00400603,130.688
"898",2500,15.4,0.0508,55.5,0.0271925,125.63
"1179",5000,17.4,0.0254,55.5,0.0165706,118.941
"451",3150,7.3,0.2286,31.7,0.0132672,113.229
"651",630,9.9,0.1524,55.5,0.0208438,127.315
"931",3150,15.4,0.0508,31.7,0.0289853,118.045
"365",1000,5.3,0.2286,71.3,0.0051942,134
"1004",8000,0,0.0254,31.7,0.000439472,137.207
"1389",2500,8.9,0.1016,71.3,0.0103088,123.623
"1480",800,15.6,0.1016,71.3,0.0437259,124.188
"780",2500,4.2,0.0508,71.3,0.00142788,131.978
"1483",1600,15.6,0.1016,71.3,0.0437259,121.528
"500",630,0,0.1524,31.7,0.00209405,125.997
"1159",2500,17.4,0.0254,71.3,0.016104,126.746
"1067",5000,9.5,0.0254,71.3,0.00420654,131.186
"424",250,7.3,0.2286,39.6,0.0123481,131.889
"407",200,7.3,0.2286,55.5,0.0111706,135.234
"192",2500,0,0.2286,71.3,0.00214345,128.354
"1090",1250,9.5,0.0254,39.6,0.00449821,130.964
"360",6300,4,0.2286,31.7,0.00509068,112.699
"1171",800,17.4,0.0254,55.5,0.0165706,123.091
"116",800,3,0.3048,55.5,0.00452492,129.949
"1491",400,15.6,0.1016,39.6,0.0528487,120.484
"949",200,19.7,0.0508,39.6,0.036484,125.974
"121",2500,3,0.3048,55.5,0.00452492,122.439
"893",800,15.4,0.0508,55.5,0.0271925,130.43
"137",2500,3,0.3048,39.6,0.00495741,120.162
"887",200,15.4,0.0508,55.5,0.0271925,122.94
"541",12500,2.7,0.1524,39.6,0.00294804,108.649
"1456",5000,12.3,0.1016,39.6,0.0408268,108.625
"513",800,2.7,0.1524,71.3,0.00243851,127.394
"1399",630,8.9,0.1016,39.6,0.0124596,131.92
"396",630,7.3,0.2286,71.3,0.0104404,133.768
"1314",3150,3.3,0.1016,55.5,0.002211,130.629
"1081",6300,9.5,0.0254,55.5,0.0043284,124.222
"1358",1600,6.7,0.1016,55.5,0.0052139,133.653
"1273",1600,0,0.1016,39.6,0.00146332,133.261
"1395",250,8.9,0.1016,39.6,0.0124596,134.34
"1481",1000,15.6,0.1016,71.3,0.0437259,124.438
"515",1250,2.7,0.1524,71.3,0.00243851,130.144
"846",500,11.2,0.0508,71.3,0.014072,130.311
"283",4000,2,0.2286,39.6,0.00346574,120.227
"879",1600,15.4,0.0508,71.3,0.0264269,130.065
"693",6300,9.9,0.1524,31.7,0.0252785,108.689
"801",1250,8.4,0.0508,71.3,0.00529514,132.086
"1482",1250,15.6,0.1016,71.3,0.0437259,123.178
"1208",3150,17.4,0.0254,31.7,0.0176631,123.466
"54",630,0,0.3048,31.7,0.00331266,129.095
"52",400,0,0.3048,31.7,0.00331266,125.045
"784",6300,4.2,0.0508,71.3,0.00142788,129.308
"991",8000,0,0.0254,39.6,0.000428464,135.866
"777",12500,0,0.0508,31.7,0.000812164,119.07
"235",1000,0,0.2286,31.7,0.0027238,130.595
"570",400,5.4,0.1524,39.6,0.00485029,127.637
"1088",800,9.5,0.0254,39.6,0.00449821,129.014
"142",8000,3,0.3048,39.6,0.00495741,110.652
"1474",200,15.6,0.1016,71.3,0.0437259,130.898
"1202",800,17.4,0.0254,31.7,0.0176631,139.226
"450",2500,7.3,0.2286,31.7,0.0132672,114.709
"1298",1600,3.3,0.1016,71.3,0.00202822,133.664
"234",800,0,0.2286,31.7,0.0027238,130.725
"806",4000,8.4,0.0508,71.3,0.00529514,126.926
"312",8000,4,0.2286,71.3,0.00400603,112.848
"1076",2000,9.5,0.0254,55.5,0.0043284,134.052
"253",3150,2,0.2286,71.3,0.00293031,126.116
"583",315,5.4,0.1524,31.7,0.00525474,125.741
"761",6300,0,0.0508,39.6,0.000791822,131.918
"1180",6300,17.4,0.0254,55.5,0.0165706,114.861
"47",10000,0,0.3048,39.6,0.00310138,112.139
"502",1000,0,0.1524,31.7,0.00209405,130.987
"12",10000,0,0.3048,71.3,0.00266337,115.391
"1000",3150,0,0.0254,31.7,0.000439472,135.227
"1274",2000,0,0.1016,39.6,0.00146332,133.251
"717",1000,12.6,0.1524,39.6,0.0584113,114.67
"393",315,7.3,0.2286,71.3,0.0104404,139.808
"125",6300,3,0.3048,55.5,0.00452492,115.679
"328",5000,4,0.2286,55.5,0.0042862,120.034
"886",8000,15.4,0.0508,71.3,0.0264269,112.675
"1128",6300,12.7,0.0254,71.3,0.0121808,125.398
"227",4000,0,0.2286,39.6,0.00253511,123.465
"786",10000,4.2,0.0508,71.3,0.00142788,121.238
"852",2000,11.2,0.0508,71.3,0.014072,133.311
"1216",1000,22.2,0.0254,71.3,0.0214178,134.247
"976",4000,0,0.0254,55.5,0.00041229,133.223
"1441",6300,12.3,0.1016,55.5,0.0368233,110.124
"990",6300,0,0.0254,39.6,0.000428464,136.826
"1058",630,9.5,0.0254,71.3,0.00420654,125.726
"582",6300,5.4,0.1524,39.6,0.00485029,116.677
"1490",315,15.6,0.1016,39.6,0.0528487,122.754
"89",2000,1.5,0.3048,39.6,0.00392107,122.101
"1292",6300,0,0.1016,31.7,0.00150092,124.253
"1397",400,8.9,0.1016,39.6,0.0124596,135.54
"1014",8000,4.8,0.0254,71.3,0.000848633,131.518
"1255",630,0,0.1016,55.5,0.00131983,126.17
"32",315,0,0.3048,39.6,0.00310138,122.779
"1123",2000,12.7,0.0254,71.3,0.0121808,134.228
"48",12500,0,0.3048,39.6,0.00310138,109.619
"775",8000,0,0.0508,31.7,0.000812164,126.59
"965",4000,0,0.0254,71.3,0.000400682,138.557
"560",1250,5.4,0.1524,55.5,0.00433288,130.777
"345",8000,4,0.2286,39.6,0.00473801,113.129
"1433",1000,12.3,0.1016,55.5,0.0368233,125.484
"629",10000,7.2,0.1524,39.6,0.00909175,110.868
"772",4000,0,0.0508,31.7,0.000812164,134.11
"1464",800,12.3,0.1016,31.7,0.0418756,120.037
"389",5000,5.3,0.2286,39.6,0.00614329,115.311
"19",1250,0,0.3048,55.5,0.00283081,126.086
"884",5000,15.4,0.0508,71.3,0.0264269,119.135
"633",400,9.9,0.1524,71.3,0.0193001,135.079
"728",1250,0,0.0508,71.3,0.000740478,128.56
"370",3150,5.3,0.2286,71.3,0.0051942,123.12
"308",3150,4,0.2286,71.3,0.00400603,124.108
"127",10000,3,0.3048,55.5,0.00452492,112.169
"315",16000,4,0.2286,71.3,0.00400603,112.768
"479",5000,0,0.1524,55.5,0.00172668,125.203
"834",800,8.4,0.0508,31.7,0.00580776,128.246
"466",10000,0,0.1524,71.3,0.0015988,120.247
"1365",1000,6.7,0.1016,39.6,0.00578076,134.515
"495",5000,0,0.1524,39.6,0.00193287,123.453
"889",315,15.4,0.0508,55.5,0.0271925,125.39
"55",800,0,0.3048,31.7,0.00331266,129.235
"1040",4000,4.8,0.0254,39.6,0.000907475,134.996
"975",3150,0,0.0254,55.5,0.00041229,130.503
"880",2000,15.4,0.0508,71.3,0.0264269,129.285
"901",5000,15.4,0.0508,55.5,0.0271925,117.11
"585",500,5.4,0.1524,31.7,0.00525474,129.681
"191",2000,0,0.2286,71.3,0.00214345,128.244
"711",250,12.6,0.1524,39.6,0.0584113,115.89
"216",315,0,0.2286,39.6,0.00253511,121.055
"1024",5000,4.8,0.0254,55.5,0.000873218,135.484
"399",1250,7.3,0.2286,71.3,0.0104404,127.358
"282",3150,2,0.2286,39.6,0.00346574,121.627
"358",4000,4,0.2286,31.7,0.00509068,118.859
"581",5000,5.4,0.1524,39.6,0.00485029,117.037
"704",2000,12.6,0.1524,71.3,0.0483159,117.504
"413",800,7.3,0.2286,55.5,0.0111706,128.444
"297",4000,2,0.2286,31.7,0.00372371,120.527
"334",630,4,0.2286,39.6,0.00473801,129.579
"1041",5000,4.8,0.0254,39.6,0.000907475,135.426
"1039",3150,4.8,0.0254,39.6,0.000907475,133.436
"7",3150,0,0.3048,71.3,0.00266337,125.201
"686",1250,9.9,0.1524,31.7,0.0252785,118.619
"1501",4000,15.6,0.1016,39.6,0.0528487,106.604
"763",10000,0,0.0508,39.6,0.000791822,125.998
"845",400,11.2,0.0508,71.3,0.014072,129.281
"322",1250,4,0.2286,55.5,0.0042862,131.264
"956",1000,19.7,0.0508,39.6,0.036484,118.904
"1228",315,22.2,0.0254,39.6,0.0229028,120.716
"1072",800,9.5,0.0254,55.5,0.0043284,128.082
"1069",400,9.5,0.0254,55.5,0.0043284,120.952
"904",250,15.4,0.0508,39.6,0.0282593,122.893
"50",250,0,0.3048,31.7,0.00331266,118.595
"871",250,15.4,0.0508,71.3,0.0264269,124.835
"431",1250,7.3,0.2286,39.6,0.0123481,123.189
"628",8000,7.2,0.1524,39.6,0.00909175,111.588
