"","X","Y","monthapr","monthaug","monthdec","monthfeb","monthjan","monthjul","monthjun","monthmar","monthmay","monthnov","monthoct","monthsep","daymon","daysat","daysun","daythu","daytue","daywed","FFMC","DMC","DC","ISI","temp","RH","wind","rain","area","area"
"321",6,3,0,0,0,0,0,0,0,0,0,0,0,1,0,0,0,1,0,0,92.8,119,783.5,7.5,18.9,34,7.2,0,3.56558123776944,3.56558123776944
"153",3,4,0,0,0,0,0,1,0,0,0,0,0,0,0,1,0,0,0,0,90.1,51.2,424.1,6.2,24.6,43,1.8,0,0.887891257352457,0.887891257352457
"74",5,4,0,1,0,0,0,0,0,0,0,0,0,0,0,0,0,0,1,0,88.8,147.3,614.5,9,17.3,43,4.5,0,0,0
"228",8,6,0,1,0,0,0,0,0,0,0,0,0,0,0,1,0,0,0,0,92.2,81.8,480.8,11.9,20.1,34,4.5,0,4.08260930600368,4.08260930600368
"146",6,5,0,1,0,0,0,0,0,0,0,0,0,0,0,0,0,1,0,0,95.2,131.7,578.8,10.4,27.4,22,4,0,0.641853886172395,0.641853886172395
"122",3,4,0,1,0,0,0,0,0,0,0,0,0,0,1,0,0,0,0,0,91.5,145.4,608.2,10.7,17.1,43,5.4,0,0,0
"49",4,4,0,0,0,0,0,0,0,1,0,0,0,0,1,0,0,0,0,0,87.2,23.9,64.7,4.1,11.8,35,1.8,0,0,0
"128",3,5,0,0,0,0,0,0,0,0,0,0,0,1,0,0,0,0,0,0,93.5,149.3,728.6,8.1,17.2,43,3.1,0,0,0
"303",3,6,0,0,0,0,0,0,1,0,0,0,0,0,0,0,0,0,0,0,91.1,94.1,232.1,7.1,19.2,38,4.5,0,0,0
"24",7,4,0,1,0,0,0,0,0,0,0,0,0,0,0,1,0,0,0,0,90.2,110.9,537.4,6.2,19.5,43,5.8,0,0,0
"327",5,4,0,0,0,0,0,0,0,0,0,0,0,1,0,1,0,0,0,0,92.2,102.3,751.5,8.4,24.1,27,3.1,0,0,0
"356",4,4,0,0,0,0,0,0,0,0,0,0,0,1,0,0,0,0,0,0,92.1,99,745.3,9.6,20.8,35,4.9,0,2.64333388638252,2.64333388638252
"89",1,2,0,0,0,0,0,0,0,0,0,0,0,1,0,0,1,0,0,0,93.5,149.3,728.6,8.1,25.3,36,3.6,0,0,0
"165",8,5,0,0,0,0,0,0,0,0,0,0,0,1,0,0,1,0,0,0,89.7,90,704.4,4.8,17.8,67,2.2,0,1.10194007876078,1.10194007876078
"110",4,5,0,0,0,0,0,0,0,0,0,0,0,1,1,0,0,0,0,0,88.6,91.8,709.9,7.1,17.4,56,5.4,0,0,0
"20",6,4,1,0,0,0,0,0,0,0,0,0,0,0,0,1,0,0,0,0,86.3,27.4,97.1,5.1,9.3,44,4.5,0,0,0
"410",1,4,0,0,0,0,0,1,0,0,0,0,0,0,0,0,0,0,1,0,92.3,96.2,450.2,12.1,23.4,31,5.4,0,0,0
"370",4,5,0,0,0,0,0,0,0,0,0,0,0,1,0,0,1,0,0,0,91,276.3,825.1,7.1,13.8,77,7.6,0,0,0
"367",4,5,0,0,0,0,0,0,0,0,0,0,0,1,0,0,0,0,1,0,91.1,132.3,812.1,12.5,15.9,38,5.4,0,1.01160091167848,1.01160091167848
"387",3,4,0,0,0,0,0,0,0,0,0,0,0,1,0,0,1,0,0,0,90.5,96.7,750.5,11.4,20.6,55,5.4,0,3.2422016501717,3.2422016501717
"297",6,4,0,0,0,0,0,0,1,0,0,0,0,0,0,0,1,0,0,0,90.4,89.5,290.8,6.4,14.3,46,1.8,0,0.641853886172395,0.641853886172395
"505",4,3,0,1,0,0,0,0,0,0,0,0,0,0,0,0,0,0,0,1,94.5,139.4,689.1,20,28.9,29,4.9,0,3.92375392830384,3.92375392830384
"283",6,3,0,0,0,1,0,0,0,0,0,0,0,0,0,0,1,0,0,0,84.9,27.5,353.5,3.4,4.2,51,4,0,0,0
"420",2,5,0,1,0,0,0,0,0,0,0,0,0,0,0,0,1,0,0,0,91.6,181.3,613,7.6,24.8,36,4,0,1.39871688111845,1.39871688111845
"485",2,5,0,1,0,0,0,0,0,0,0,0,0,0,0,0,1,0,0,0,94.9,130.3,587.1,14.1,33.1,25,4,0,3.31163730494951,3.31163730494951
"479",7,4,0,0,0,0,0,1,0,0,0,0,0,0,0,0,1,0,0,0,93.7,101.3,423.4,14.7,18.2,82,4.5,0,1.16627093714192,1.16627093714192
"109",4,5,0,0,0,0,0,0,0,0,0,0,0,1,0,1,0,0,0,0,92.5,88,698.6,7.1,20.3,45,3.1,0,0,0
"5",8,6,0,0,0,0,0,0,0,1,0,0,0,0,0,0,1,0,0,0,89.3,51.3,102.2,9.6,11.4,99,1.8,0,0,0
"212",7,4,0,1,0,0,0,0,0,0,0,0,0,0,0,1,0,0,0,0,93.5,139.4,594.2,20.3,5.1,96,5.8,0,3.29583686600433,3.29583686600433
"418",6,5,0,0,0,0,0,0,0,1,0,0,0,0,0,0,0,0,0,1,93.4,17.3,28.3,9.9,13.8,24,5.8,0,0,0
"348",5,4,0,0,0,0,0,0,0,0,0,0,0,1,0,0,0,0,0,0,92.1,99,745.3,9.6,10.1,75,3.6,0,0,0
"360",1,4,0,0,0,0,0,0,0,0,0,0,0,1,0,0,0,0,0,0,92.5,122,789.7,10.2,21.1,39,2.2,0,2.21046980408624,2.21046980408624
"259",3,4,0,1,0,0,0,0,0,0,0,0,0,0,0,1,0,0,0,0,91.8,170.9,692.3,13.7,20.6,59,0.9,0,0,0
"314",6,5,0,0,0,0,0,0,0,0,0,0,0,1,0,0,0,0,0,1,92.6,115.4,777.1,8.8,24.3,27,4.9,0,0,0
"481",9,9,0,0,0,0,0,1,0,0,0,0,0,0,0,0,0,1,0,0,93.2,114.4,560,9.5,30.2,25,4.5,0,1.32175583998232,1.32175583998232
"298",8,6,0,0,0,0,0,0,1,0,0,0,0,0,0,0,1,0,0,0,90.4,89.5,290.8,6.4,15.4,45,2.2,0,0,0
"508",2,4,0,1,0,0,0,0,0,0,0,0,0,0,0,0,0,0,0,0,91,166.9,752.6,7.1,25.9,41,3.6,0,0,0
"158",2,2,0,1,0,0,0,0,0,0,0,0,0,0,0,0,0,0,0,1,92.1,111.2,654.1,9.6,18.4,45,3.6,0,0.966983846189673,0.966983846189673
"299",8,6,0,0,0,0,0,0,1,0,0,0,0,0,0,0,0,0,0,1,91.2,147.8,377.2,12.7,19.6,43,4.9,0,0,0
"399",1,2,0,1,0,0,0,0,0,0,0,0,0,0,0,1,0,0,0,0,93.7,231.1,715.1,8.4,25.9,32,3.1,0,0,0
"406",2,2,0,1,0,0,0,0,0,0,0,0,0,0,0,0,0,0,1,0,94.6,212.1,680.9,9.5,27.9,27,2.2,0,0,0
"484",8,6,0,1,0,0,0,0,0,0,0,0,0,0,0,0,1,0,0,0,94.9,130.3,587.1,14.1,31,27,5.4,0,0,0
"136",3,5,0,1,0,0,0,0,0,0,0,0,0,0,0,1,0,0,0,0,93.5,139.4,594.2,20.3,17.6,52,5.8,0,0,0
"292",9,4,0,0,0,0,0,1,0,0,0,0,0,0,0,1,0,0,0,0,91.6,104.2,474.9,9,25.3,39,0.9,0,2.19722457733622,2.19722457733622
"324",3,5,0,0,0,0,0,0,0,0,0,0,0,1,0,0,0,1,0,0,90.7,136.9,822.8,6.8,12.9,39,2.7,0,1.15688119679209,1.15688119679209
"470",6,3,1,0,0,0,0,0,0,0,0,0,0,0,0,0,1,0,0,0,91,14.6,25.6,12.3,13.7,33,9.4,0,4.1292289640756,4.1292289640756
"513",4,3,0,1,0,0,0,0,0,0,0,0,0,0,0,0,1,0,0,0,81.6,56.7,665.6,1.9,27.8,32,2.7,0,2.006870848845,2.006870848845
"491",4,4,0,1,0,0,0,0,0,0,0,0,0,0,0,0,0,0,0,1,95.1,141.3,605.8,17.7,28.7,33,4,0,0,0
"487",5,4,0,1,0,0,0,0,0,0,0,0,0,0,0,0,0,0,1,0,95.1,141.3,605.8,17.7,24.1,43,6.3,0,1.09861228866811,1.09861228866811
"197",6,5,1,0,0,0,0,0,0,0,0,0,0,0,0,0,0,1,0,0,81.5,9.1,55.2,2.7,5.8,54,5.8,0,2.47905623610982,2.47905623610982
"4",8,6,0,0,0,0,0,0,0,1,0,0,0,0,0,0,0,0,0,0,91.7,33.3,77.5,9,8.3,97,4,0.2,0,0
"226",4,4,0,0,0,0,0,0,0,0,0,0,0,1,0,0,1,0,0,0,93.5,149.3,728.6,8.1,22.9,39,4.9,0,3.902982260776,3.902982260776
"434",2,4,0,1,0,0,0,0,0,0,0,0,0,0,0,0,1,0,0,0,93.6,235.1,723.1,10.1,20.9,66,4.9,0,2.79361608943186,2.79361608943186
"355",7,4,0,0,0,0,0,0,0,0,0,0,0,1,0,0,0,0,0,0,92.1,99,745.3,9.6,18.7,50,2.2,0,1.94161522477243,1.94161522477243
"215",4,4,0,0,0,0,0,0,0,1,0,0,0,0,0,1,0,0,0,0,91.7,35.8,80.8,7.8,17,27,4.9,0,3.38979933670979,3.38979933670979
"433",8,6,0,1,0,0,0,0,0,0,0,0,0,0,0,0,0,1,0,0,94.8,222.4,698.6,13.9,23.9,38,6.7,0,0,0
"245",2,4,0,1,0,0,0,0,0,0,0,0,0,0,0,0,1,0,0,0,91.8,175.1,700.7,13.8,22.4,54,7.6,0,1.35325450704169,1.35325450704169
"501",8,6,0,1,0,0,0,0,0,0,0,0,0,0,0,0,0,0,1,0,96.1,181.1,671.2,14.3,21.6,65,4.9,0.8,0,0
"114",3,4,0,0,0,0,0,0,0,0,0,0,0,1,1,0,0,0,0,0,91.8,78.5,724.3,9.2,18.9,35,2.7,0,0,0
"262",3,4,0,1,0,0,0,0,0,0,0,0,0,0,0,0,0,0,0,0,91.6,112.4,573,8.9,11.2,84,7.6,0,1.45861502269952,1.45861502269952
"390",7,4,0,1,0,0,0,0,0,0,0,0,0,0,0,0,0,0,0,0,94.8,227,706.7,12,23.3,34,3.1,0,0,0
"130",2,5,0,0,0,0,0,0,0,0,0,0,1,0,0,0,1,0,0,0,92.6,46.5,691.8,8.8,15.4,35,0.9,0,0,0
"372",3,4,0,0,0,0,0,1,0,0,0,0,0,0,0,0,0,0,0,1,91.9,133.6,520.5,8,14.2,58,4,0,0,0
"3",7,4,0,0,0,0,0,0,0,0,0,0,1,0,0,1,0,0,0,0,90.6,43.7,686.9,6.7,14.6,33,1.3,0,0,0
"374",5,4,0,1,0,0,0,0,0,0,0,0,0,0,0,0,0,1,0,0,94.8,222.4,698.6,13.9,20.3,42,2.7,0,0,0
"405",2,4,0,0,0,0,0,0,0,0,0,0,0,1,0,0,0,0,0,1,87.9,84.8,725.1,3.7,21.8,34,2.2,0,1.95160817016995,1.95160817016995
"258",4,3,0,1,0,0,0,0,0,0,0,0,0,0,0,1,0,0,0,0,94.2,117.2,581.1,11,21.4,44,2.7,0,0.518793793415168,0.518793793415168
"358",6,3,0,0,0,0,0,0,0,0,0,0,0,1,0,0,0,0,0,0,92.5,122,789.7,10.2,15.9,55,3.6,0,0,0
"186",2,5,0,0,0,0,0,0,0,0,0,0,0,1,0,0,0,0,1,0,91,129.5,692.6,7,17.6,46,3.1,0,2.08442908319087,2.08442908319087
"138",3,6,0,0,0,0,0,0,0,0,0,0,0,1,1,0,0,0,0,0,90.9,126.5,686.5,7,15.6,66,3.1,0,0,0
"40",4,4,0,0,0,0,0,0,0,1,0,0,0,0,0,0,0,0,1,0,88.1,25.7,67.6,3.8,14.1,43,2.7,0,0,0
"490",4,4,0,1,0,0,0,0,0,0,0,0,0,0,0,0,0,0,0,1,95.1,141.3,605.8,17.7,20.6,58,1.3,0,0,0
"33",6,3,0,0,0,0,0,0,0,0,0,0,0,1,0,0,0,0,0,0,88.6,69.7,706.8,5.8,20.6,37,1.8,0,0,0
"462",8,6,0,1,0,0,0,0,0,0,0,0,0,0,0,1,0,0,0,0,93.7,231.1,715.1,8.4,18.9,64,4.9,0,0,0
"103",2,4,0,1,0,0,0,0,0,0,0,0,0,0,0,0,0,0,1,0,94.8,108.3,647.1,17,20.1,40,4,0,0,0
"514",2,4,0,1,0,0,0,0,0,0,0,0,0,0,0,0,1,0,0,0,81.6,56.7,665.6,1.9,21.9,71,5.8,0,4.01259206034984,4.01259206034984
"472",4,3,0,0,0,0,0,0,0,0,1,0,0,0,0,0,0,0,0,0,89.6,25.4,73.7,5.7,18,40,4,0,3.67579421456528,3.67579421456528
"329",6,5,0,0,0,0,0,0,0,0,0,0,0,1,0,1,0,0,0,0,92.2,102.3,751.5,8.4,19.7,35,1.8,0,0,0
"157",2,4,0,0,0,0,0,0,0,0,0,0,0,1,0,1,0,0,0,0,93.4,145.4,721.4,8.1,28.6,27,2.2,0,0.959350221334602,0.959350221334602
"76",9,9,0,0,0,1,0,0,0,0,0,0,0,0,0,0,0,1,0,0,84.2,6.8,26.6,7.7,6.7,79,3.1,0,0,0
"265",4,4,0,1,0,0,0,0,0,0,0,0,0,0,0,0,0,0,0,0,94.3,167.6,684.4,13,21.8,53,3.1,0,2.02022218201986,2.02022218201986
"35",6,3,0,0,0,0,0,0,0,0,0,0,0,1,1,0,0,0,0,0,91.8,78.5,724.3,9.2,21.2,32,2.7,0,0,0
"221",8,6,0,1,0,0,0,0,0,0,0,0,0,0,0,0,1,0,0,0,90.2,99.6,631.2,6.3,16.2,59,3.1,0,3.4986265269937,3.4986265269937
"16",6,5,0,0,0,0,0,0,0,0,0,0,0,1,0,0,0,0,0,0,93.3,141.2,713.9,13.9,22.9,44,5.4,0,0,0
"357",4,4,0,0,0,0,0,0,0,0,0,0,0,1,0,0,0,0,0,0,92.1,99,745.3,9.6,20.8,35,4.9,0,0.815364813284194,0.815364813284194
"220",6,5,0,0,0,0,0,0,0,1,0,0,0,0,1,0,0,0,0,0,90.1,39.7,86.6,6.2,15.2,27,3.1,0,3.49225611260912,3.49225611260912
"248",2,4,0,1,0,0,0,0,0,0,0,0,0,0,0,0,0,0,0,1,92.2,91.6,503.6,9.6,20.7,70,2.2,0,0.559615787935423,0.559615787935423
"325",6,5,0,0,0,0,0,0,0,0,0,0,0,1,0,0,0,1,0,0,88.1,53.3,726.9,5.4,13.7,56,1.8,0,1.69009581545155,1.69009581545155
"118",3,4,0,0,0,0,0,0,0,1,0,0,0,0,0,1,0,0,0,0,91.7,35.8,80.8,7.8,15.2,27,4.9,0,0,0
"456",3,4,0,0,0,0,0,1,0,0,0,0,0,0,1,0,0,0,0,0,94.6,160,567.2,16.7,17.9,48,2.7,0,0,0
"82",1,2,0,1,0,0,0,0,0,0,0,0,0,0,0,0,1,0,0,0,90.2,99.6,631.2,6.3,17.9,44,2.2,0,0,0
"408",4,5,0,0,0,1,0,0,0,0,0,0,0,0,0,1,0,0,0,0,84.7,8.2,55,2.9,14.2,46,4,0,0,0
"369",6,5,0,0,0,0,0,0,0,0,0,0,0,1,0,1,0,0,0,0,91.2,94.3,744.4,8.4,16.8,47,4.9,0,2.61300665241532,2.61300665241532
"402",3,4,0,0,0,0,0,0,0,0,0,0,0,1,0,0,0,1,0,0,91.1,88.2,731.7,8.3,22.8,46,4,0,1.78339121955754,1.78339121955754
"430",3,4,0,1,0,0,0,0,0,0,0,0,0,0,0,0,1,0,0,0,91.6,181.3,613,7.6,24.6,44,4,0,1.43508452528932,1.43508452528932
"503",4,4,0,1,0,0,0,0,0,0,0,0,0,0,0,0,0,0,1,0,96.1,181.1,671.2,14.3,20.7,69,4.9,0.4,0,0
"486",2,4,0,1,0,0,0,0,0,0,0,0,0,0,1,0,0,0,0,0,95,135.5,596.3,21.3,30.6,28,3.6,0,1.12167756159911,1.12167756159911
"296",7,5,0,0,0,0,0,0,1,0,0,0,0,0,0,0,1,0,0,0,93.1,180.4,430.8,11,22.2,48,1.3,0,0,0
"149",2,2,0,1,0,0,0,0,0,0,0,0,0,0,0,0,0,0,1,0,94.8,108.3,647.1,17,17.4,43,6.7,0,0.727548607277278,0.727548607277278
"57",4,3,0,0,0,0,0,0,0,0,0,0,0,1,0,0,0,0,1,0,90.3,80.7,730.2,6.3,17.8,63,4.9,0,0,0
"100",3,4,0,1,0,0,0,0,0,0,0,0,0,0,0,0,1,0,0,0,91.4,142.4,601.4,10.6,19.8,39,5.4,0,0,0
"482",4,3,0,0,0,0,0,1,0,0,0,0,0,0,0,0,0,1,0,0,93.2,114.4,560,9.5,30.2,22,4.9,0,0,0
"424",1,3,0,0,0,0,0,0,0,0,0,0,0,1,0,1,0,0,0,0,91.2,94.3,744.4,8.4,22.3,48,4,0,0.542324290825362,0.542324290825362
"91",6,5,0,1,0,0,0,0,0,0,0,0,0,0,0,1,0,0,0,0,90.2,96.9,624.2,8.9,14.7,59,5.8,0,0,0
"269",3,4,0,1,0,0,0,0,0,0,0,0,0,0,0,0,0,0,1,0,92.1,152.6,658.2,14.3,21,32,3.1,0,0,0
"181",1,3,0,0,0,0,0,0,0,0,0,0,0,1,0,0,1,0,0,0,92.4,124.1,680.7,8.5,23.9,32,6.7,0,1.84530023615608,1.84530023615608
"54",4,3,0,1,0,0,0,0,0,0,0,0,0,0,0,0,0,0,0,1,92.1,111.2,654.1,9.6,20.4,42,4.9,0,0,0
"339",8,6,0,0,0,0,0,0,0,0,0,0,0,1,1,0,0,0,0,0,91.6,108.4,764,6.2,22.7,35,2.2,0,2.13771044980381,2.13771044980381
"288",7,4,0,0,0,0,0,1,0,0,0,0,0,0,0,1,0,0,0,0,91.6,104.2,474.9,9,22.1,49,2.7,0,0,0
"208",7,5,0,0,0,0,0,0,0,0,0,0,0,1,0,0,0,0,1,0,91,129.5,692.6,7,20.7,37,2.2,0,2.90142159408275,2.90142159408275
"246",3,4,0,1,0,0,0,0,0,0,0,0,0,0,0,0,1,0,0,0,91.8,175.1,700.7,13.8,26.8,38,6.3,0,0.56531380905006,0.56531380905006
"60",2,2,0,0,0,1,0,0,0,0,0,0,0,0,0,0,0,0,0,0,86.6,13.2,43,5.3,12.3,51,0.9,0,0,0
"285",5,4,0,0,0,1,0,0,0,0,0,0,0,0,0,0,0,0,0,0,85.2,4.9,15.8,6.3,7.5,46,8,0,3.22843003767301,3.22843003767301
"337",7,4,0,0,0,0,0,0,0,0,0,0,0,1,1,0,0,0,0,0,91.6,108.4,764,6.2,19.3,44,2.2,0,0,0
"108",4,5,0,1,0,0,0,0,0,0,0,0,0,0,0,0,1,0,0,0,90.2,99.6,631.2,6.3,21.4,33,3.1,0,0,0
"377",8,6,0,1,0,0,0,0,0,0,0,0,0,0,1,0,0,0,0,0,92.1,207,672.6,8.2,21.1,54,2.2,0,0,0
"341",2,5,0,0,0,0,0,0,0,0,0,0,0,1,1,0,0,0,0,0,91.6,108.4,764,6.2,19.3,44,2.2,0,1.5953389880546,1.5953389880546
"126",3,4,0,0,0,0,0,0,0,0,0,0,1,0,0,0,1,0,0,0,92.6,46.5,691.8,8.8,20.6,24,5.4,0,0,0
"112",3,4,0,0,0,0,0,0,0,1,0,0,0,0,0,0,0,0,0,0,91.7,33.3,77.5,9,18.8,18,4.5,0,0,0
"72",4,5,0,0,0,0,0,0,0,0,0,0,0,1,0,0,0,0,0,0,94.3,85.1,692.3,15.9,17.7,37,3.6,0,0,0
"452",1,4,0,1,0,0,0,0,0,0,0,0,0,0,0,0,0,0,0,0,90.5,196.8,649.9,16.3,11.8,88,4.9,0,2.37117788445966,2.37117788445966
"1",7,5,0,0,0,0,0,0,0,1,0,0,0,0,0,0,0,0,0,0,86.2,26.2,94.3,5.1,8.2,51,6.7,0,0,0
"141",2,5,0,0,0,0,0,0,0,0,0,0,0,1,1,0,0,0,0,0,90.9,126.5,686.5,7,21.9,39,1.8,0,0.385262400790645,0.385262400790645
"206",4,5,0,0,0,0,0,0,0,0,0,0,0,1,0,0,0,1,0,0,92.9,137,706.4,9.2,22.1,34,1.8,0,2.74534598584591,2.74534598584591
"389",6,4,0,1,0,0,0,0,0,0,0,0,0,0,0,0,0,0,0,0,94.8,227,706.7,12,23.3,34,3.1,0,3.39249294103201,3.39249294103201
"311",7,4,0,0,0,0,0,0,0,0,0,0,0,1,0,0,1,0,0,0,92.4,105.8,758.1,9.9,25.3,27,2.7,0,0,0
"492",4,4,0,1,0,0,0,0,0,0,0,0,0,0,0,0,0,1,0,0,95.8,152,624.1,13.8,32.4,21,4.5,0,0,0
"42",4,4,0,1,0,0,0,0,0,0,0,0,0,0,0,1,0,0,0,0,90.2,96.9,624.2,8.9,18.4,42,6.7,0,0,0
"457",2,4,0,1,0,0,0,0,0,0,0,0,0,0,0,0,0,1,0,0,91.6,248.4,753.8,6.3,16.6,59,2.7,0,0,0
"431",7,4,0,0,0,0,0,0,0,0,0,0,0,1,0,0,0,1,0,0,89.7,287.2,849.3,6.8,19.4,45,3.6,0,0,0
"353",7,4,0,0,0,0,0,0,0,0,0,0,0,1,0,0,0,0,0,0,92.1,99,745.3,9.6,20.6,43,3.6,0,1.10856261952128,1.10856261952128
"251",8,5,0,1,0,0,0,0,0,0,0,0,0,0,0,0,0,0,0,1,93.1,157.3,666.7,13.5,26.8,25,3.1,0,0.518793793415168,0.518793793415168
"439",2,5,0,1,0,0,0,0,0,0,0,0,0,0,0,1,0,0,0,0,93.7,231.1,715.1,8.4,23.6,53,4,0,2.00552585872967,2.00552585872967
"25",7,4,0,1,0,0,0,0,0,0,0,0,0,0,0,1,0,0,0,0,93.5,139.4,594.2,20.3,23.7,32,5.8,0,0,0
"371",7,4,0,0,0,0,0,0,0,0,0,0,0,1,0,0,1,0,0,0,91,276.3,825.1,7.1,13.8,77,7.6,0,2.48989419129904,2.48989419129904
"191",6,5,0,0,0,0,0,0,0,1,0,0,0,0,0,0,0,0,0,0,91.2,48.3,97.8,12.5,11.7,33,4,0,2.23108909128898,2.23108909128898
"32",6,3,0,0,0,0,0,0,0,0,0,0,0,1,1,0,0,0,0,0,88.6,91.8,709.9,7.1,11.2,78,7.6,0,0,0
"404",8,6,0,1,0,0,0,0,0,0,0,0,0,0,0,0,0,1,0,0,90.7,194.1,643,6.8,21.3,41,3.6,0,0,0
"238",1,2,0,0,0,0,0,0,0,0,0,0,0,1,0,0,0,0,1,0,91,129.5,692.6,7,18.8,40,2.2,0,5.36541511008053,5.36541511008053
"14",6,5,0,0,0,0,0,0,0,0,0,0,0,1,1,0,0,0,0,0,90.9,126.5,686.5,7,21.3,42,2.2,0,0,0
"111",4,4,0,0,0,0,0,0,0,1,0,0,0,0,0,0,0,0,0,0,85.9,19.5,57.3,2.8,13.7,43,5.8,0,0,0
"458",1,4,0,1,0,0,0,0,0,0,0,0,0,0,0,0,0,0,0,1,91.7,191.4,635.9,7.8,19.9,50,4,0,4.42783617070518,4.42783617070518
"391",7,4,0,0,0,1,0,0,0,0,0,0,0,0,1,0,0,0,0,0,84.7,9.5,58.3,4.1,7.5,71,6.3,0,2.39425228151987,2.39425228151987
"426",2,2,0,1,0,0,0,0,0,0,0,0,0,0,0,0,0,1,0,0,91.6,248.4,753.8,6.3,20.4,56,2.2,0,0,0
"425",8,6,0,1,0,0,0,0,0,0,0,0,0,0,0,1,0,0,0,0,93.7,231.1,715.1,8.4,26.9,31,3.6,0,1.78507048107726,1.78507048107726
"407",6,5,0,0,0,0,0,0,0,0,0,0,0,1,0,1,0,0,0,0,87.1,291.3,860.6,4,17,67,4.9,0,1.5993875765806,1.5993875765806
"373",4,5,0,1,0,0,0,0,0,0,0,0,0,0,0,0,1,0,0,0,92,203.2,664.5,8.1,10.4,75,0.9,0,0,0
"242",4,4,1,0,0,0,0,0,0,0,0,0,0,0,0,0,0,0,0,0,83,23.3,85.3,2.3,16.7,20,3.1,0,0,0
"287",7,6,0,0,0,0,0,1,0,0,0,0,0,0,0,0,0,0,0,1,91.2,183.1,437.7,12.5,12.6,90,7.6,0.2,0,0
"350",5,4,0,0,0,0,0,0,0,0,0,0,0,1,0,0,0,0,0,0,92.1,99,745.3,9.6,12.8,64,3.6,0,0.970778917158225,0.970778917158225
"224",2,2,0,0,0,0,0,1,0,0,0,0,0,0,0,0,0,0,0,0,88.3,150.3,309.9,6.8,13.4,79,3.6,0,3.63811233706028,3.63811233706028
"376",6,5,0,0,0,0,0,0,0,0,0,0,0,1,0,1,0,0,0,0,91.2,94.3,744.4,8.4,15.4,57,4.9,0,3.69759139471596,3.69759139471596
"214",7,3,0,0,0,0,0,0,0,1,0,0,0,0,1,0,0,0,0,0,87.6,52.2,103.8,5,11,46,5.8,0,3.34462703017376,3.34462703017376
"294",7,6,0,0,0,0,0,1,0,0,0,0,0,0,0,0,0,0,1,0,93.1,180.4,430.8,11,26.9,28,5.4,0,4.47106720146461,4.47106720146461
"95",8,6,0,1,0,0,0,0,0,0,0,0,0,0,1,0,0,0,0,0,91.1,103.2,638.8,5.8,23.4,22,2.7,0,0,0
"6",8,6,0,1,0,0,0,0,0,0,0,0,0,0,0,0,1,0,0,0,92.3,85.3,488,14.7,22.2,29,5.4,0,0,0
"340",2,4,0,0,0,0,0,0,0,0,0,0,0,1,1,0,0,0,0,0,91.6,108.4,764,6.2,20.4,41,1.8,0,0.904218150639886,0.904218150639886
"252",8,5,0,1,0,0,0,0,0,0,0,0,0,0,0,0,0,0,0,1,93.1,157.3,666.7,13.5,24,36,3.1,0,0.215111379616945,0.215111379616945
"271",2,2,0,1,0,0,0,0,0,0,0,0,0,0,0,0,0,0,1,0,92.1,152.6,658.2,14.3,21.8,56,3.1,0,0.418710334858185,0.418710334858185
"34",6,3,0,0,0,0,0,0,0,0,0,0,0,1,0,0,1,0,0,0,91.7,75.6,718.3,7.8,17.7,39,3.6,0,0,0
"188",1,5,0,0,0,0,0,0,0,0,0,0,0,1,1,0,0,0,0,0,90.9,126.5,686.5,7,21,42,2.2,0,2.11625551480255,2.11625551480255
"254",7,4,0,1,0,0,0,0,0,0,0,0,0,0,0,0,0,1,0,0,91.9,109.2,565.5,8,21.4,38,2.7,0,0.924258901523332,0.924258901523332
"268",2,2,0,1,0,0,0,0,0,0,0,0,0,0,0,0,0,0,1,0,92.1,152.6,658.2,14.3,23.7,24,3.1,0,0,0
"510",5,4,0,1,0,0,0,0,0,0,0,0,0,0,0,0,0,0,0,0,91,166.9,752.6,7.1,21.1,71,7.6,1.4,1.15373158788919,1.15373158788919
"41",4,4,0,0,0,0,0,1,0,0,0,0,0,0,0,0,0,0,1,0,79.5,60.6,366.7,1.5,23.3,37,3.1,0,0,0
"193",2,2,0,1,0,0,0,0,0,0,0,0,0,0,0,0,0,0,1,0,94.8,108.3,647.1,17,24.6,22,4.5,0,2.27315628230323,2.27315628230323
"66",2,2,0,1,0,0,0,0,0,0,0,0,0,0,0,0,0,1,0,0,91.7,114.3,661.3,6.3,18.6,44,4.5,0,0,0
"312",6,3,0,0,0,0,0,0,0,0,0,0,0,1,0,0,1,0,0,0,92.4,105.8,758.1,9.9,24.8,28,1.8,0,2.72719901994097,2.72719901994097
"152",9,9,0,0,0,0,0,1,0,0,0,0,0,0,0,0,1,0,0,0,90.1,68.6,355.2,7.2,24.8,29,2.2,0,0.858661619037519,0.858661619037519
"98",3,4,0,0,0,0,0,0,0,1,0,0,0,0,0,1,0,0,0,0,69,2.4,15.5,0.7,17.4,24,5.4,0,0,0
"384",9,6,0,1,0,0,0,0,0,0,0,0,0,0,0,0,0,1,0,0,91.6,248.4,753.8,6.3,20.5,58,2.7,0,3.78123071517812,3.78123071517812
"107",4,5,0,0,0,0,0,0,0,1,0,0,0,0,0,0,0,1,0,0,91.4,30.7,74.3,7.5,18.2,29,3.1,0,0,0
"317",4,5,0,0,0,0,0,0,0,0,0,0,0,1,0,0,0,1,0,0,92.4,96.2,739.4,8.6,18.6,24,5.8,0,0,0
"378",2,2,0,1,0,0,0,0,0,0,0,0,0,0,0,1,0,0,0,0,93.7,231.1,715.1,8.4,21.9,42,2.2,0,5.16837950943364,5.16837950943364
"162",6,4,0,1,0,0,0,0,0,0,0,0,0,0,0,0,0,1,0,0,95.2,131.7,578.8,10.4,20.3,41,4,0,1.06471073699243,1.06471073699243
"124",3,4,0,0,0,0,0,0,0,0,0,0,0,1,0,0,0,0,1,0,84.4,73.4,671.9,3.2,17.9,45,3.1,0,0,0
"194",4,5,0,0,0,0,0,0,0,0,0,0,0,1,0,0,0,0,0,1,92.9,133.3,699.6,9.2,24.3,25,4,0,2.34276688262688,2.34276688262688
"363",7,4,0,0,0,0,0,0,0,0,0,0,0,1,0,0,0,0,0,0,88.2,55.2,732.3,11.6,15.2,64,3.1,0,0.418710334858185,0.418710334858185
"381",5,4,0,0,0,0,0,1,0,0,0,0,0,0,0,0,0,0,0,1,93.7,101.3,458.8,11.9,19.3,39,7.2,0,2.16676536985151,2.16676536985151
"185",8,6,0,1,0,0,0,0,0,0,0,0,0,0,0,0,0,0,0,0,93.9,135.7,586.7,15.1,20.8,34,4.9,0,2.07442899985629,2.07442899985629
"284",3,4,0,0,0,1,0,0,0,0,0,0,0,0,0,0,0,0,0,1,86.9,6.6,18.7,3.2,8.8,35,3.1,0,0.741937344729377,0.741937344729377
"429",1,3,0,1,0,0,0,0,0,0,0,0,0,0,0,0,0,1,0,0,94.8,222.4,698.6,13.9,26.2,34,5.8,0,0,0
"37",6,3,0,0,0,0,0,0,0,0,0,0,1,0,0,0,0,0,1,0,90.6,35.4,669.1,6.7,21.7,24,4.5,0,0,0
"448",3,4,0,0,0,0,0,0,0,1,0,0,0,0,0,0,0,0,0,1,93.4,17.3,28.3,9.9,8.9,35,8,0,0,0
"261",2,4,0,1,0,0,0,0,0,0,0,0,0,0,1,0,0,0,0,0,93.6,97.9,542,14.4,28.3,32,4,0,2.287471455184,2.287471455184
"436",2,5,0,0,0,0,0,1,0,0,0,0,0,0,0,1,0,0,0,0,90.8,84.7,376.6,5.6,23.8,51,1.8,0,0,0
"78",1,3,0,0,0,0,0,0,0,1,0,0,0,0,1,0,0,0,0,0,87.6,52.2,103.8,5,8.3,72,3.1,0,0,0
"344",8,6,0,0,0,0,0,0,0,0,0,0,0,1,1,0,0,0,0,0,91.5,130.1,807.1,7.5,15.9,51,4.5,0,1.15688119679209,1.15688119679209
"156",7,4,0,1,0,0,0,0,0,0,0,0,0,0,0,0,1,0,0,0,94.8,108.3,647.1,17,16.4,47,1.3,0,0.940007258491471,0.940007258491471
"97",3,4,0,0,0,1,0,0,0,0,0,0,0,0,0,1,0,0,0,0,83.9,8,30.2,2.6,12.7,48,1.8,0,0,0
"229",4,6,0,0,0,0,0,0,0,0,0,0,0,1,0,0,1,0,0,0,93.5,149.3,728.6,8.1,28.3,26,3.1,0,4.17592454921452,4.17592454921452
"182",8,6,0,0,0,0,0,0,0,0,0,0,1,0,1,0,0,0,0,0,84.9,32.8,664.2,3,19.1,32,4,0,1.86252854011626,1.86252854011626
"127",3,5,0,0,0,0,0,0,0,1,0,0,0,0,1,0,0,0,0,0,87.6,52.2,103.8,5,9,49,2.2,0,0,0
"383",8,6,0,1,0,0,0,0,0,0,0,0,0,0,0,0,0,0,0,1,95.2,217.7,690,18,28.2,29,1.8,0,1.92570744173779,1.92570744173779
"43",4,4,0,1,0,0,0,0,0,0,0,0,0,0,0,0,0,0,1,0,94.8,108.3,647.1,17,16.6,54,5.4,0,0,0
"180",8,6,0,1,0,0,0,0,0,0,0,0,0,0,0,0,0,0,1,0,88.8,147.3,614.5,9,14.4,66,5.4,0,1.82937633279936,1.82937633279936
"27",7,4,0,0,0,0,0,0,0,0,0,0,0,1,0,0,0,0,0,0,92.4,117.9,668,12.2,19,34,5.8,0,0,0
"30",6,3,0,0,0,0,0,0,0,0,0,0,0,1,0,0,1,0,0,0,93.5,149.3,728.6,8.1,22.8,39,3.6,0,0,0
"322",1,4,0,0,0,0,0,0,0,0,0,0,0,1,0,0,0,1,0,0,92.8,119,783.5,7.5,16.8,28,4,0,2.10535292346434,2.10535292346434
"489",4,4,0,1,0,0,0,0,0,0,0,0,0,0,0,0,0,0,1,0,95.1,141.3,605.8,17.7,19.4,71,7.6,0,3.8649313978943,3.8649313978943
"75",5,4,0,0,0,0,0,0,0,0,0,0,0,1,0,0,0,0,0,0,93.3,141.2,713.9,13.9,27.6,30,1.3,0,0,0
"201",1,5,0,0,0,0,0,0,0,0,0,0,0,1,0,0,0,0,1,0,91,129.5,692.6,7,21.6,33,2.2,0,2.52812576890798,2.52812576890798
"62",2,2,0,0,0,0,0,0,0,1,0,0,0,0,0,0,1,0,0,0,89.3,51.3,102.2,9.6,5.5,59,6.3,0,0,0
"413",9,4,0,0,0,0,0,1,0,0,0,0,0,0,1,0,0,0,0,0,92.3,92.1,442.1,9.8,22.8,27,4.5,0,0.966983846189673,0.966983846189673
"342",8,6,0,0,0,0,0,0,0,0,0,0,0,1,1,0,0,0,0,0,91.9,111.7,770.3,6.5,15.7,51,2.2,0,0,0
"63",2,2,0,1,0,0,0,0,0,0,0,0,0,0,0,0,0,1,0,0,93,75.3,466.6,7.7,18.8,35,4.9,0,0,0
"511",6,5,0,1,0,0,0,0,0,0,0,0,0,0,0,0,0,0,0,0,91,166.9,752.6,7.1,18.2,62,5.4,0,0.357674444271816,0.357674444271816
"61",2,2,0,0,0,0,0,0,0,1,0,0,0,0,0,0,1,0,0,0,89.3,51.3,102.2,9.6,11.5,39,5.8,0,0,0
"116",3,5,0,0,0,0,0,0,0,1,0,0,0,0,0,0,0,0,1,0,88.1,25.7,67.6,3.8,15.5,27,6.3,0,0,0
"257",8,6,0,1,0,0,0,0,0,0,0,0,0,0,0,1,0,0,0,0,94.2,117.2,581.1,11,23.9,41,2.2,0,2.19944433407453,2.19944433407453
"28",7,4,0,0,0,0,0,0,0,0,0,0,0,1,1,0,0,0,0,0,90.9,126.5,686.5,7,19.4,48,1.3,0,0,0
"2",7,4,0,0,0,0,0,0,0,0,0,0,1,0,0,0,0,0,1,0,90.6,35.4,669.1,6.7,18,33,0.9,0,0,0
"159",2,4,0,1,0,0,0,0,0,0,0,0,0,0,0,0,0,0,0,1,92.1,111.2,654.1,9.6,20.5,35,4,0,0.970778917158225,0.970778917158225
"475",4,3,0,0,0,0,0,0,1,0,0,0,0,0,0,0,0,1,0,0,93,103.8,316.7,10.8,26.4,35,2.7,0,2.40514168131914,2.40514168131914
"423",8,6,0,0,0,0,0,1,0,0,0,0,0,0,0,0,1,0,0,0,88.9,263.1,795.9,5.2,29.3,27,3.6,0,1.98787434815435,1.98787434815435
"453",7,4,0,1,0,0,0,0,0,0,0,0,0,0,1,0,0,0,0,0,91.5,238.2,730.6,7.5,17.7,65,4,0,0,0
"493",1,3,0,1,0,0,0,0,0,0,0,0,0,0,0,0,0,0,0,0,95.9,158,633.6,11.3,32.4,27,2.2,0,0,0
"507",1,2,0,1,0,0,0,0,0,0,0,0,0,0,0,0,0,0,0,0,91,166.9,752.6,7.1,18.5,73,8.5,0,0,0
"476",2,5,0,0,0,0,0,0,1,0,0,0,0,0,0,0,0,1,0,0,93.7,121.7,350.2,18,22.7,40,9.4,0,1.43270073393405,1.43270073393405
"12",7,5,0,0,0,0,0,0,0,0,0,0,0,1,0,1,0,0,0,0,92.8,73.2,713,22.6,19.3,38,4,0,0,0
"352",4,4,0,0,0,0,0,0,0,0,0,0,0,1,0,0,0,0,0,0,92.1,99,745.3,9.6,15.4,53,6.3,0,2.11745960886736,2.11745960886736
"480",7,4,0,0,0,0,0,1,0,0,0,0,0,0,1,0,0,0,0,0,89.2,103.9,431.6,6.4,22.6,57,4.9,0,5.63310962136115,5.63310962136115
"51",4,4,0,0,0,0,0,0,0,0,0,0,0,1,0,0,0,1,0,0,92.9,137,706.4,9.2,20.8,17,1.3,0,0,0
"504",2,4,0,1,0,0,0,0,0,0,0,0,0,0,0,0,0,0,0,1,94.5,139.4,689.1,20,29.2,30,4.9,0,1.08180517035173,1.08180517035173
"47",5,6,0,0,0,0,0,0,0,0,0,0,0,1,1,0,0,0,0,0,90.9,126.5,686.5,7,14.7,70,3.6,0,0,0
"198",4,5,0,0,0,0,0,0,0,0,0,0,0,1,0,0,0,1,0,0,92.9,137,706.4,9.2,21.5,15,0.9,0,2.48989419129904,2.48989419129904
"10",7,5,0,0,0,0,0,0,0,0,0,0,0,1,0,1,0,0,0,0,92.5,88,698.6,7.1,22.8,40,4,0,0,0
"255",6,3,0,1,0,0,0,0,0,0,0,0,0,0,0,0,0,1,0,0,91.6,138.1,621.7,6.3,18.9,41,3.1,0,2.42833629829961,2.42833629829961
"316",3,4,0,0,0,0,0,0,0,0,0,0,0,1,0,0,0,0,0,1,91.2,134.7,817.5,7.2,18.5,30,2.7,0,0,0
"233",6,4,0,0,0,0,0,0,0,0,0,0,0,1,0,0,0,0,1,0,91,129.5,692.6,7,18.7,43,2.7,0,4.64813388542021,4.64813388542021
"454",4,5,0,1,0,0,0,0,0,0,0,0,0,0,0,0,0,1,0,0,89.4,266.2,803.3,5.6,17.4,54,3.1,0,0,0
"412",7,4,0,0,0,1,0,0,0,0,0,0,0,0,0,0,0,0,0,0,84.6,3.2,43.6,3.3,8.2,53,9.4,0,1.7263316639056,1.7263316639056
"239",6,5,0,0,0,0,0,0,0,0,0,0,0,1,0,1,0,0,0,0,92.5,121.1,674.4,8.6,25.1,27,4,0,6.99561962542321,6.99561962542321
"380",4,5,0,0,0,0,1,0,0,0,0,0,0,0,0,0,1,0,0,0,18.7,1.1,171.4,0,5.2,100,0.9,0,0,0
"421",8,8,0,1,0,0,0,0,0,0,0,0,0,0,0,0,0,0,0,1,91.7,191.4,635.9,7.8,26.2,36,4.5,0,5.22982437010274,5.22982437010274
"93",8,6,0,1,0,0,0,0,0,0,0,0,0,0,0,0,1,0,0,0,92.3,85.3,488,14.7,20.8,32,6.3,0,0,0
"84",1,2,0,1,0,0,0,0,0,0,0,0,0,0,0,0,0,0,0,1,92.1,111.2,654.1,9.6,16.6,47,0.9,0,0,0
"225",7,4,0,0,0,0,0,0,0,0,0,0,0,1,0,0,0,0,0,1,90.1,82.9,735.7,6.2,15.4,57,4.5,0,3.65609796458956,3.65609796458956
"310",2,4,0,0,0,0,0,0,0,0,0,0,0,1,0,0,1,0,0,0,92.4,105.8,758.1,9.9,24.9,27,2.2,0,0,0
"102",3,4,0,1,0,0,0,0,0,0,0,0,0,0,0,0,0,0,1,0,88.8,147.3,614.5,9,14.4,66,5.4,0,0,0
"171",5,4,0,0,0,0,0,0,0,0,0,0,0,1,0,0,0,0,0,1,92.9,133.3,699.6,9.2,21.9,35,1.8,0,1.27256559579155,1.27256559579155
"150",8,6,0,0,0,0,0,0,0,0,0,0,0,1,0,0,0,1,0,0,93.7,80.9,685.2,17.9,23.7,25,4.5,0,0.751416088683921,0.751416088683921
"326",1,4,0,0,0,0,0,0,0,0,0,0,0,1,0,1,0,0,0,0,92.2,102.3,751.5,8.4,24.2,27,3.1,0,0,0
"55",4,3,0,1,0,0,0,0,0,0,0,0,0,0,0,0,0,1,0,0,91.7,114.3,661.3,6.3,17.6,45,3.6,0,0,0
"411",6,3,0,0,0,1,0,0,0,0,0,0,0,0,0,0,0,0,0,0,84.1,7.3,52.8,2.7,14.7,42,2.7,0,0,0
"173",7,4,0,1,0,0,0,0,0,0,0,0,0,0,0,0,1,0,0,0,91.4,142.4,601.4,10.6,20.1,39,5.4,0,1.31908561142644,1.31908561142644
"323",6,5,0,0,0,0,0,0,0,0,0,0,0,1,0,0,0,1,0,0,92.8,119,783.5,7.5,16.8,28,4,0,0.698134722070984,0.698134722070984
"207",2,2,0,1,0,0,0,0,0,0,0,0,0,0,0,1,0,0,0,0,93.5,139.4,594.2,20.3,22.9,31,7.2,0,2.80032547721138,2.80032547721138
"85",1,2,0,1,0,0,0,0,0,0,0,0,0,0,0,0,0,1,0,0,91.7,114.3,661.3,6.3,20.2,45,3.6,0,0,0
"516",1,4,0,1,0,0,0,0,0,0,0,0,0,0,0,1,0,0,0,0,94.4,146,614.7,11.3,25.6,42,4,0,0,0
"240",7,5,1,0,0,0,0,0,0,0,0,0,0,0,0,0,1,0,0,0,81.9,3,7.9,3.5,13.4,75,1.8,0,0,0
"392",8,6,0,0,0,0,0,0,0,0,0,0,0,1,0,0,0,0,0,0,91.1,91.3,738.1,7.2,20.7,46,2.7,0,3.43977686362963,3.43977686362963
"139",9,9,0,0,0,0,0,1,0,0,0,0,0,0,0,0,0,0,1,0,85.8,48.3,313.4,3.9,18,42,2.7,0,0.307484699747961,0.307484699747961
"440",1,3,0,0,0,0,0,0,0,0,0,0,0,1,0,0,0,0,0,0,91.1,91.3,738.1,7.2,19.1,46,2.2,0,0.285178942233662,0.285178942233662
"274",4,6,0,0,1,0,0,0,0,0,0,0,0,0,0,0,1,0,0,0,84.4,27.2,353.5,6.8,4.8,57,8.5,0,2.30058309032337,2.30058309032337
"466",2,2,0,0,0,1,0,0,0,0,0,0,0,0,0,1,0,0,0,0,79.5,3.6,15.3,1.8,4.6,59,0.9,0,2.05923883436232,2.05923883436232
"250",3,4,0,1,0,0,0,0,0,0,0,0,0,0,0,0,0,0,0,1,93.1,157.3,666.7,13.5,21.7,40,0.4,0,1.24415459395877,1.24415459395877
"170",8,6,0,1,0,0,0,0,0,0,0,0,0,0,0,0,0,1,0,0,95.2,131.7,578.8,10.4,20.7,45,2.2,0,1.26694760348732,1.26694760348732
"148",8,3,0,0,0,0,0,0,0,0,0,0,0,1,0,0,0,0,1,0,84.4,73.4,671.9,3.2,24.2,28,3.6,0,0.672944473242426,0.672944473242426
"270",4,4,0,1,0,0,0,0,0,0,0,0,0,0,0,0,0,0,1,0,92.1,152.6,658.2,14.3,19.1,53,2.7,0,1.68639895357023,1.68639895357023
"189",6,4,0,0,0,0,0,0,0,1,0,0,0,0,0,1,0,0,0,0,90.8,41.9,89.4,7.9,13.3,42,0.9,0,2.12823170584927,2.12823170584927
"71",4,5,0,0,0,0,0,0,0,1,0,0,0,0,0,0,0,0,0,0,91.2,48.3,97.8,12.5,15.8,27,7.6,0,0,0
"113",3,4,0,0,0,0,0,0,0,0,0,0,0,1,0,0,1,0,0,0,89.7,90,704.4,4.8,22.8,39,3.6,0,0,0
"517",6,3,0,0,0,0,0,0,0,0,0,1,0,0,0,0,0,0,1,0,79.5,3,106.7,1.1,11.8,31,4.5,0,0,0
"94",8,6,0,1,0,0,0,0,0,0,0,0,0,0,0,0,1,0,0,0,91.4,142.4,601.4,10.6,18.2,43,4.9,0,0,0
"133",4,6,0,0,0,0,0,0,0,1,0,0,0,0,0,0,1,0,0,0,89.3,51.3,102.2,9.6,10.6,46,4.9,0,0,0
"86",1,2,0,0,0,0,0,0,0,0,0,0,0,1,0,0,0,1,0,0,92.9,137,706.4,9.2,21.5,15,0.9,0,0,0
"301",6,5,0,0,0,0,0,0,1,0,0,0,0,0,1,0,0,0,0,0,90.4,93.3,298.1,7.5,20.7,25,4.9,0,0,0
"459",8,6,0,1,0,0,0,0,0,0,0,0,0,0,0,1,0,0,0,0,93.7,231.1,715.1,8.4,18.9,64,4.9,0,1.46325540225602,1.46325540225602
"169",6,5,0,0,0,0,0,0,0,1,0,0,0,0,0,0,0,0,0,0,91.2,48.3,97.8,12.5,14.6,26,9.4,0,1.26129787094521,1.26129787094521
"437",8,6,0,1,0,0,0,0,0,0,0,0,0,0,1,0,0,0,0,0,92.1,207,672.6,8.2,26.8,35,1.3,0,0.431782416425538,0.431782416425538
"432",1,3,0,1,0,0,0,0,0,0,0,0,0,0,0,1,0,0,0,0,92.1,178,605.3,9.6,23.3,40,4,0,1.99605993274078,1.99605993274078
"38",7,4,0,0,0,0,0,0,0,0,0,0,1,0,0,0,0,0,0,0,90,41.5,682.6,8.7,11.3,60,5.4,0,0,0
"106",4,5,0,0,0,0,0,0,0,1,0,0,0,0,0,0,0,0,0,0,85.9,19.5,57.3,2.8,12.7,52,6.3,0,0,0
"289",7,4,0,0,0,0,0,1,0,0,0,0,0,0,0,1,0,0,0,0,91.6,104.2,474.9,9,24.2,32,1.8,0,0,0
"509",1,2,0,1,0,0,0,0,0,0,0,0,0,0,0,0,0,0,0,0,91,166.9,752.6,7.1,25.9,41,3.6,0,0,0
"151",6,5,0,0,0,0,0,0,1,0,0,0,0,0,0,0,0,0,0,0,92.5,56.4,433.3,7.1,23.2,39,5.4,0,0.783901543828409,0.783901543828409
"90",6,5,0,0,0,0,0,0,0,1,0,0,0,0,0,1,0,0,0,0,91.7,35.8,80.8,7.8,17.4,25,4.9,0,0,0
"115",3,4,0,0,0,0,0,0,0,1,0,0,0,0,0,0,0,0,1,0,88.1,25.7,67.6,3.8,15.8,27,7.6,0,0,0
"105",2,4,0,0,0,0,1,0,0,0,0,0,0,0,0,1,0,0,0,0,82.1,3.7,9.3,2.9,5.3,78,3.1,0,0,0
"11",7,5,0,0,0,0,0,0,0,0,0,0,0,1,0,1,0,0,0,0,92.5,88,698.6,7.1,17.8,51,7.2,0,0,0
"147",5,4,0,0,0,0,0,0,0,1,0,0,0,0,1,0,0,0,0,0,90.1,39.7,86.6,6.2,13.2,40,5.4,0,0.667829372575655,0.667829372575655
"455",3,4,0,1,0,0,0,0,0,0,0,0,0,0,0,0,0,1,0,0,91.6,248.4,753.8,6.3,16.8,56,3.1,0,0,0
"213",7,4,0,0,0,0,0,0,0,0,0,0,0,1,0,0,0,0,0,0,94.3,85.1,692.3,15.9,20.1,47,4.9,0,3.30064012667084,3.30064012667084
"36",6,3,0,0,0,0,0,0,0,0,0,0,0,1,0,0,0,0,1,0,90.3,80.7,730.2,6.3,18.2,62,4.5,0,0,0
"260",7,4,0,1,0,0,0,0,0,0,0,0,0,0,0,1,0,0,0,0,91.8,170.9,692.3,13.7,23.7,40,1.8,0,0.867100487683383,0.867100487683383
"365",6,5,0,0,0,0,0,0,0,0,0,0,0,1,0,0,0,0,1,0,91.9,111.7,770.3,6.5,21.1,35,2.7,0,1.89461685466776,1.89461685466776
"217",4,4,0,0,0,0,0,0,0,0,0,0,0,1,0,0,1,0,0,0,92.4,124.1,680.7,8.5,16.9,60,1.3,0,3.41707073081845,3.41707073081845
"275",8,6,0,0,1,0,0,0,0,0,0,0,0,0,0,0,0,0,0,1,84,27.8,354.6,5.3,5.1,61,8,0,2.50061594349318,2.50061594349318
"59",2,2,0,0,0,1,0,0,0,0,0,0,0,0,1,0,0,0,0,0,84,9.3,34,2.1,13.9,40,5.4,0,0,0
"290",7,4,0,0,0,0,0,1,0,0,0,0,0,0,0,1,0,0,0,0,91.6,104.2,474.9,9,24.3,30,1.8,0,0,0
"320",5,4,0,0,0,0,0,0,0,0,0,0,0,1,0,0,0,1,0,0,92.8,119,783.5,7.5,21.6,28,6.3,0,1.68824909285839,1.68824909285839
"187",8,6,0,0,0,0,0,0,0,1,0,0,0,0,0,0,1,0,0,0,89.3,51.3,102.2,9.6,11.5,39,5.8,0,2.10291389786498,2.10291389786498
"234",9,4,0,0,0,0,0,0,0,0,0,0,0,1,0,0,0,0,1,0,84.4,73.4,671.9,3.2,24.3,36,3.1,0,4.66964620517246,4.66964620517246
"403",9,9,0,1,0,0,0,0,0,0,0,0,0,0,0,0,0,0,0,0,94.8,227,706.7,12,25,36,4,0,0,0
"419",2,4,0,1,0,0,0,0,0,0,0,0,0,0,0,0,1,0,0,0,92,203.2,664.5,8.1,24.9,42,5.4,0,1.23547147138531,1.23547147138531
"474",9,4,0,0,0,0,0,0,1,0,0,0,0,0,0,1,0,0,0,0,90.5,61.1,252.6,9.4,24.5,50,3.1,0,4.26717679299494,4.26717679299494
"293",4,5,0,0,0,0,0,1,0,0,0,0,0,0,0,0,0,0,0,0,91.6,100.2,466.3,6.3,22.9,40,1.3,0,1.29198368164865,1.29198368164865
"379",6,5,0,0,0,0,0,0,0,1,0,0,0,0,0,0,0,1,0,0,90.9,18.9,30.6,8,8.7,51,5.8,0,0,0
"202",6,5,0,0,0,0,0,0,0,1,0,0,0,0,0,0,1,0,0,0,90.1,37.6,83.7,7.2,12.4,54,3.6,0,2.57261223020711,2.57261223020711
"88",1,2,0,0,0,0,0,0,0,0,0,0,0,1,0,0,0,1,0,0,92.9,137,706.4,9.2,22.4,34,2.2,0,0,0
"249",8,6,0,1,0,0,0,0,0,0,0,0,0,0,0,0,0,0,0,1,93.1,157.3,666.7,13.5,28.7,28,2.7,0,0,0
"183",5,4,0,0,0,1,0,0,0,0,0,0,0,0,0,0,1,0,0,0,86.8,15.6,48.3,3.9,12.4,53,2.2,0,1.99877363861238,1.99877363861238
"135",3,5,0,0,0,0,0,0,0,1,0,0,0,0,0,0,0,0,1,0,88.1,25.7,67.6,3.8,14.9,38,2.7,0,0,0
"142",1,2,0,1,0,0,0,0,0,0,0,0,0,0,0,0,0,0,0,1,95.5,99.9,513.3,13.2,23.3,31,4.5,0,0.438254930931155,0.438254930931155
"416",8,6,0,1,0,0,0,0,0,0,0,0,0,0,0,0,0,1,0,0,94.8,222.4,698.6,13.9,27.5,27,4.9,0,6.61643994756459,6.61643994756459
"286",2,5,0,0,0,0,0,1,0,0,0,0,0,0,0,0,1,0,0,0,93.9,169.7,411.8,12.3,23.4,40,6.3,0,0,0
"295",8,6,0,0,0,0,0,1,0,0,0,0,0,0,0,0,0,0,1,0,92.3,88.8,440.9,8.5,17.1,67,3.6,0,2.02419306744936,2.02419306744936
"291",2,5,0,0,0,0,0,1,0,0,0,0,0,0,0,1,0,0,0,0,91.6,104.2,474.9,9,18.7,53,1.8,0,0,0
"121",3,4,0,1,0,0,0,0,0,0,0,0,0,0,1,0,0,0,0,0,91.5,145.4,608.2,10.7,10.3,74,2.2,0,0,0
"496",6,6,0,1,0,0,0,0,0,0,0,0,0,0,1,0,0,0,0,0,96.2,175.5,661.8,16.8,23.9,42,2.2,0,0,0
"335",2,3,0,0,0,0,0,0,0,0,0,0,0,1,1,0,0,0,0,0,91.6,108.4,764,6.2,18,51,5.4,0,0,0
"401",9,5,0,0,0,0,0,0,1,0,0,0,0,0,0,0,0,0,0,1,93.3,49.5,297.7,14,28,34,4.5,0,2.21484617868604,2.21484617868604
"163",6,3,0,0,0,0,0,0,0,1,0,0,0,0,0,1,0,0,0,0,90.6,50.1,100.4,7.8,15.2,31,8.5,0,1.07840958135059,1.07840958135059
"343",6,3,0,0,0,0,0,0,0,0,0,0,0,1,1,0,0,0,0,0,91.5,130.1,807.1,7.5,20.6,37,1.8,0,0,0
"506",1,2,0,1,0,0,0,0,0,0,0,0,0,0,0,0,0,1,0,0,91,163.2,744.4,10.1,26.7,35,1.8,0,1.91692261218206,1.91692261218206
"46",5,6,0,0,0,0,0,0,0,0,0,0,0,1,0,0,0,0,0,1,94.3,85.1,692.3,15.9,25.9,24,4,0,0,0
"31",6,3,0,0,0,0,0,0,0,0,0,0,0,1,0,0,0,0,0,0,94.3,85.1,692.3,15.9,25.4,24,3.6,0,0,0
"414",7,5,0,1,0,0,0,0,0,0,0,0,0,0,0,1,0,0,0,0,93.7,231.1,715.1,8.4,26.4,33,3.6,0,0,0
"417",6,3,0,0,0,0,0,1,0,0,0,0,0,0,0,0,0,0,1,0,92.7,164.1,575.8,8.9,26.3,39,3.1,0,2.08193842187842,2.08193842187842
"120",3,4,0,1,0,0,0,0,0,0,0,0,0,0,0,0,0,1,0,0,93,75.3,466.6,7.7,19.6,36,3.1,0,0,0
"53",4,3,0,1,0,0,0,0,0,0,0,0,0,0,0,0,0,0,0,1,92.1,111.2,654.1,9.6,20.4,42,4.9,0,0,0
"483",3,4,0,1,0,0,0,0,0,0,0,0,0,0,0,0,1,0,0,0,94.9,130.3,587.1,14.1,23.4,40,5.8,0,0.828551817566148,0.828551817566148
"166",6,5,0,0,0,0,0,0,0,1,0,0,0,0,0,0,0,1,0,0,84.9,18.2,55,3,5.3,70,4.5,0,1.14422279992016,1.14422279992016
"333",4,4,0,0,0,0,0,0,0,0,0,0,0,1,0,1,0,0,0,0,91.2,124.4,795.3,8.5,17.1,41,2.2,0,2.50307395374345,2.50307395374345
"123",3,4,0,0,0,0,0,0,0,0,0,0,0,1,0,0,1,0,0,0,92.4,124.1,680.7,8.5,22.5,42,5.4,0,0,0
"92",8,6,0,0,0,0,0,0,0,1,0,0,0,0,0,0,0,0,0,0,91.7,35.8,80.8,7.8,17.4,24,5.4,0,0,0
"445",2,5,0,0,0,0,0,0,0,0,0,0,0,1,0,0,0,0,0,0,90.3,290,855.3,7.4,16.2,58,3.6,0,2.39425228151987,2.39425228151987
"282",6,5,0,0,1,0,0,0,0,0,0,0,0,0,0,0,0,0,1,0,85.4,25.4,349.7,2.6,5.1,24,8.5,0,3.24921102466427,3.24921102466427
"409",4,3,0,0,0,0,0,0,0,0,0,0,0,1,0,0,0,0,0,0,90.3,290,855.3,7.4,19.9,44,3.1,0,2.17475172148416,2.17475172148416
"45",4,4,0,0,0,0,0,0,0,0,0,0,0,1,0,0,0,0,0,1,90.1,82.9,735.7,6.2,12.9,74,4.9,0,0,0
"96",4,4,0,0,0,0,0,0,0,0,0,0,0,1,0,0,1,0,0,0,89.7,90,704.4,4.8,17.8,64,1.3,0,0,0
"278",3,4,0,0,1,0,0,0,0,0,0,0,0,0,1,0,0,0,0,0,85.4,25.4,349.7,2.6,4.6,21,8.5,0,2.46214966266538,2.46214966266538
"276",4,6,0,0,1,0,0,0,0,0,0,0,0,0,0,0,0,1,0,0,84.6,26.4,352,2,5.1,61,4.9,0,1.8531680973567,1.8531680973567
"172",8,6,0,1,0,0,0,0,0,0,0,0,0,0,0,0,0,0,0,1,85.6,90.4,609.6,6.6,17.4,50,4,0,1.30562645805244,1.30562645805244
"231",4,4,0,0,0,0,0,0,0,0,0,0,0,1,0,0,0,0,0,1,92.9,133.3,699.6,9.2,26.4,21,4.5,0,4.49412688719477,4.49412688719477
"223",4,3,0,0,0,0,0,0,0,1,0,0,0,0,1,0,0,0,0,0,87.6,52.2,103.8,5,11,46,5.8,0,3.63363097988346,3.63363097988346
"446",5,5,0,1,0,0,0,0,0,0,0,0,0,0,0,0,1,0,0,0,94,47.9,100.7,10.7,17.3,80,4.5,0,0,0
"305",6,5,0,0,0,0,0,0,0,0,1,0,0,0,0,1,0,0,0,0,85.1,28,113.8,3.5,11.3,94,4.9,0,0,0
"160",7,4,0,0,0,0,0,0,0,0,0,0,0,1,0,0,0,0,0,0,92.4,117.9,668,12.2,19,34,5.8,0,0.989541193613748,0.989541193613748
"167",6,5,0,1,0,0,0,0,0,0,0,0,0,0,0,0,0,0,0,1,92.1,111.2,654.1,9.6,16.6,47,0.9,0,1.19088756477728,1.19088756477728
"395",6,5,0,0,0,1,0,0,0,0,0,0,0,0,1,0,0,0,0,0,84.1,4.6,46.7,2.2,5.3,68,1.8,0,0,0
"512",8,6,0,1,0,0,0,0,0,0,0,0,0,0,0,0,1,0,0,0,81.6,56.7,665.6,1.9,27.8,35,2.7,0,0,0
"366",6,5,0,0,0,0,0,0,0,0,0,0,0,1,0,0,0,0,1,0,91.9,111.7,770.3,6.5,19.6,45,3.1,0,3.04594998971461,3.04594998971461
"273",2,5,0,1,0,0,0,0,0,0,0,0,0,0,0,0,0,0,1,0,92.1,152.6,658.2,14.3,20.2,47,4,0,1.40854497005471,1.40854497005471
"306",1,4,0,0,0,0,0,0,0,0,0,0,0,1,0,0,1,0,0,0,89.6,84.1,714.3,5.7,19,52,2.2,0,0,0
"307",7,4,0,0,0,0,0,0,0,0,0,0,0,1,0,0,1,0,0,0,89.6,84.1,714.3,5.7,17.1,53,5.4,0,0.343589704390077,0.343589704390077
"131",4,6,0,0,0,1,0,0,0,0,0,0,0,0,0,1,0,0,0,0,68.2,21.5,87.2,0.8,15.4,40,2.7,0,0,0
"161",7,4,0,0,0,0,0,0,0,1,0,0,0,0,1,0,0,0,0,0,90.1,39.7,86.6,6.2,16.1,29,3.1,0,1.01160091167848,1.01160091167848
"415",5,4,0,1,0,0,0,0,0,0,0,0,0,0,0,0,1,0,0,0,93.6,235.1,723.1,10.1,24.1,50,4,0,0,0
"9",8,6,0,0,0,0,0,0,0,0,0,0,0,1,0,0,0,0,1,0,91,129.5,692.6,7,13.1,63,5.4,0,0,0
"272",8,6,0,1,0,0,0,0,0,0,0,0,0,0,0,0,0,0,1,0,92.1,152.6,658.2,14.3,20.1,58,4.5,0,2.32922702394047,2.32922702394047
"334",1,4,0,0,0,0,0,0,0,0,0,0,0,1,1,0,0,0,0,0,92.1,87.7,721.1,9.5,18.1,54,3.1,0,1.14103300455206,1.14103300455206
"397",4,3,0,0,0,0,0,0,0,0,0,0,0,1,0,0,1,0,0,0,90.5,96.7,750.5,11.4,20.4,55,4.9,0,1.53471436623816,1.53471436623816
"427",8,6,0,1,0,0,0,0,0,0,0,0,0,0,0,0,0,1,0,0,91.6,248.4,753.8,6.3,20.4,56,2.2,0,0,0
"464",6,5,0,0,0,1,0,0,0,0,0,0,0,0,0,0,0,0,1,0,75.1,4.4,16.2,1.9,4.6,82,6.3,0,1.85473426838944,1.85473426838944
"211",4,4,0,0,0,0,0,0,0,0,0,0,1,0,0,1,0,0,0,0,90.6,43.7,686.9,6.7,18.4,25,3.1,0,3.22803376265297,3.22803376265297
"73",5,4,0,0,0,0,0,0,0,1,0,0,0,0,0,0,0,0,0,0,91.7,33.3,77.5,9,15.6,25,6.3,0,0,0
"236",8,6,0,1,0,0,0,0,0,0,0,0,0,0,0,0,1,0,0,0,91.4,142.4,601.4,10.6,19.6,41,5.8,0,5.28563731339066,5.28563731339066
"79",1,2,0,1,0,0,0,0,0,0,0,0,0,0,0,0,0,0,0,0,90.1,108,529.8,12.5,14.7,66,2.7,0,0,0
"243",2,4,0,1,0,0,0,0,0,0,0,0,0,0,0,0,1,0,0,0,94.2,122.3,589.9,12.9,15.4,66,4,0,2.40964416528745,2.40964416528745
"232",1,5,0,0,0,0,0,0,0,0,0,0,0,1,0,0,1,0,0,0,93.5,149.3,728.6,8.1,27.8,27,3.1,0,4.56622143584952,4.56622143584952
"184",7,4,0,0,0,0,0,0,0,0,0,0,1,0,1,0,0,0,0,0,91.7,48.5,696.1,11.1,16.8,45,4.5,0,2.05796251000271,2.05796251000271
"279",4,4,0,0,1,0,0,0,0,0,0,0,0,0,1,0,0,0,0,0,85.4,25.4,349.7,2.6,4.6,21,8.5,0,3.13679771383259,3.13679771383259
"502",7,5,0,1,0,0,0,0,0,0,0,0,0,0,0,0,0,0,1,0,96.1,181.1,671.2,14.3,21.6,65,4.9,0.8,0,0
"469",6,5,0,0,0,0,0,0,0,1,0,0,0,0,0,0,0,1,0,0,91.3,20.6,43.5,8.5,13.3,27,3.6,0,2.02946317187359,2.02946317187359
"17",5,5,0,0,0,0,0,0,0,1,0,0,0,0,0,1,0,0,0,0,91.7,35.8,80.8,7.8,15.1,27,5.4,0,0,0
"204",8,6,0,0,0,0,0,0,0,0,0,0,1,0,0,0,0,0,0,1,91.4,37.9,673.8,5.2,20.2,37,2.7,0,2.68784749378469,2.68784749378469
"241",6,3,1,0,0,0,0,0,0,0,0,0,0,0,0,0,0,0,0,1,88,17.2,43.5,3.8,15.2,51,2.7,0,0,0
"253",6,5,0,1,0,0,0,0,0,0,0,0,0,0,0,0,0,0,0,1,93.1,157.3,666.7,13.5,22.1,37,3.6,0,0.19062035960865,0.19062035960865
"515",7,4,0,1,0,0,0,0,0,0,0,0,0,0,0,0,1,0,0,0,81.6,56.7,665.6,1.9,21.2,70,6.7,0,2.49815187653802,2.49815187653802
"179",2,5,0,0,0,0,0,0,0,0,0,0,0,1,0,0,0,0,0,1,90.1,82.9,735.7,6.2,18.3,45,2.2,0,1.77155676191054,1.77155676191054
"48",6,6,0,0,0,0,0,1,0,0,0,0,0,0,1,0,0,0,0,0,94.2,62.3,442.9,11,23,36,3.1,0,0,0
"68",2,2,0,0,0,0,0,0,0,0,0,0,0,1,0,0,0,0,0,0,92.4,117.9,668,12.2,19.6,33,5.4,0,0,0
"267",6,5,0,1,0,0,0,0,0,0,0,0,0,0,0,0,0,0,1,0,94.3,131.7,607.1,22.7,19.4,55,4,0,0.157003748809665,0.157003748809665
"154",5,4,0,0,0,0,0,0,0,0,0,0,0,1,0,0,0,0,0,0,94.3,85.1,692.3,15.9,20.1,47,4.9,0,0.900161349944271,0.900161349944271
"422",2,4,0,1,0,0,0,0,0,0,0,0,0,0,0,0,0,0,0,1,95.2,217.7,690,18,30.8,19,4.5,0,0,0
"309",2,4,0,0,0,0,0,0,0,0,0,0,0,1,0,0,1,0,0,0,92.4,105.8,758.1,9.9,16,45,1.8,0,0,0
"388",5,5,0,0,0,0,0,0,0,1,0,0,0,0,0,0,0,1,0,0,90.9,18.9,30.6,8,11.6,48,5.4,0,0,0
"70",4,5,0,0,0,0,0,0,0,1,0,0,0,0,0,0,0,0,0,0,91.7,33.3,77.5,9,17.2,26,4.5,0,0,0
"451",4,5,0,1,0,0,0,0,0,0,0,0,0,0,0,0,0,0,0,1,95.2,217.7,690,18,23.4,49,5.4,0,2.00552585872967,2.00552585872967
"174",4,4,0,0,0,0,0,0,0,0,0,0,0,1,1,0,0,0,0,0,90.9,126.5,686.5,7,17.7,39,2.2,0,1.4036429994545,1.4036429994545
"244",7,4,0,1,0,0,0,0,0,0,0,0,0,0,0,0,1,0,0,0,91.8,175.1,700.7,13.8,21.9,73,7.6,1,0,0
"443",6,5,1,0,0,0,0,0,0,0,0,0,0,0,1,0,0,0,0,0,87.9,24.9,41.6,3.7,10.9,64,3.1,0,1.47017584510059,1.47017584510059
"137",3,6,0,0,0,0,0,0,0,0,0,0,0,1,0,0,1,0,0,0,92.4,124.1,680.7,8.5,17.2,58,1.3,0,0,0
"463",1,4,0,0,0,0,0,0,0,0,0,0,0,1,0,0,1,0,0,0,91,276.3,825.1,7.1,14.5,76,7.6,0,1.54968790802833,1.54968790802833
"345",6,3,0,0,0,0,0,0,0,0,0,0,0,1,1,0,0,0,0,0,91.5,130.1,807.1,7.5,12.2,66,4.9,0,1.96009478404727,1.96009478404727
"200",2,4,0,0,0,0,0,0,0,0,0,0,0,1,1,0,0,0,0,0,63.5,70.8,665.3,0.8,22.6,38,3.6,0,2.51122395810537,2.51122395810537
